movie,sentence,score
리플리,끝까지....긴장감..최고네요~~^^ ,10
정글 크루즈,"인디아나존스를 표방한 새로운 어드밴쳐영화그러나 진부한 액션감, 클리셰가 영화의 재미를 반감시킴특히 액션신은 드웨인존슨표 액션이 아니라서 그걸 기대하고 본다면 실망할 확률이 큼이야기 전개 또한 처음에 왜 이걸 찾아야하는지에 대한 이유의 명확성이 약간 떨어짐빌런 역할도 꽃잎을 훔쳐서 뭘해야 한다는 명분에.대해 확실하게 말해주지 않고 흐지부지하게 넘어가 왜 뺏으려고 하지? 하는 후반부에 들어서 의문이 들 정도로 약하다는게 단점인디아나존스를 기대하고 본 나로선 영화의 완성도가 아쉽다는게 내 평임그러나 에밀리블런트는 이쁘다 끝. ",5
레프트 비하인드: 휴거의 시작,요즘 나오는 영화들과는 다른 영화 ,10
모가디슈,생각보다 별로네요..감흥도 없고.. ,6
모가디슈,한줄로 요약하자면 믿고보는 배우와 믿고보는 감독. ,10
더 그레이트 샤크,여름에는 샤크?!! ,9
나이브스 아웃,기존의 추리 영화라고 생각하다간 오산 ,10
모가디슈,좋은 영화입니다. 미국은 떠나고 돈없고 힘없는 나라들 사람들 남아 각자생존하려는… 그러나 이데올로기가 서로를 구분짓게 만드는… 이게 인간사인데…우리 후손들은 극복하고 살았으면 좋겠다 ,10
뺑반,잼있는데???ㅋㅋ왜 섹드립하나없어서 그런가.. ,10
더 수어사이드 스쿼드,1편 보다 훨씬 잼있어요. 캐릭터들을 디테일하게 다루는게 좋았습니다. 역시 디즈니가 마블인수 하더니 달라졌어요. 가오갤 시리즈와 비슷합니다 ,8
이스케이프 룸 2: 노 웨이 아웃,1편을 넘는 2편은 없다 지루했음 ,7
모가디슈,개인적으로는 오랜만에 영화다운  영화엿네요.영상도 연출도 그렇지만...그를받쳐주는 탄탄한 연기...심지어 현지분들은 찐짜인거 같음... ,10
모가디슈,굳이 북한 대사에 자막을 넣을 필요가 있었음? 그리고 북한 대사관이 양아치 짓하는 모습이나 가족을 북에 두고와야 한다느니 이런 검증 안된 내용은 국민 대다수가 지지하는 우리 문재인 대통령이 대북협력과 김정은 국방위원장을 만나야 하는 이시국에 너무 토왜 짓한것 같음. ,2
발신제한,"55분까지 전개는 눈 돌릴 틈을 주지 않게 잘 끌고 갔는데, 그 이후는 너무 아쉽다 후반부는 전형적인 한국 영화를 보는듯 ",7
모가디슈,간만에 재밋게봣네요 한국영화중에 ,10
아들의 이름으로,이정국의 게으르고 안이한 연출. 국민배우로서의 명성을 스스로 망치는 듯한 안성기의 연기. 기자 평점이 5.18보다 낮네? ,2
블랙 위도우,엌ㅋㅋㅋ 너무 재밌어서 5번 봤습니다 닥터스트레인지도 4번밖에 안봤는데 최고예요 ,10
모가디슈,영화 시작부터 끝까지 긴장감을 놓칠수 없었고 정말 휼륭한 영화이다.코로나 이전이면 1000만도 무리없는 영화인데 코로나 시기 개봉해 안타까울 뿐 이다. ,10
갈매기,넘 감동적인  작품입니다 강추합니다 ,10
언더독,마음 아파서 곁눈질로 본 영화 ㅠㅠ ,10
알리타: 배틀 엔젤,아직도 기억난다 영화관에서 큰 화면으로 보던 영상미 개쩔었던게 ,10
더 수어사이드 스쿼드,R등급이 가져다주는 쾌감 ,7
내 머리 속의 지우개,2003년 클래식2004년 내머리속의지우개2년동안 인생영화 연이어찍은 갓예진 ,10
모가디슈,"여러 방면으로 울컥함이 올라오는 영화.. 독재 정부, 남북관계.. 많은 생각을 해보게 됨. ",10
모가디슈,100프로 로컬촬영이라고ㅇㅇ ,10
더 수어사이드 스쿼드,진작 이렇게 만들었어야지!! ,10
아이들은 즐겁다,웹툰보다가 영화봤는데 감동이 컬러감과 생동감을 같이 밀려서 오네요~너무 재밋게봤어요^^ 제가 생각한 다이의 모습이에요 ㅎ 조금 키가 크지만^_^ ,10
모가디슈,올해 본 것 중에 가장 한국영화중 재밌고 감동적이면서도 간만에 영화다운 영화 본 것같아요배우들도 너무 연기 다들 잘하셔서 더 몰입감있게 봤구요 특히 구교환 배우님좋아하는데 역할 너무너무 또 잘 소화해내셔서 너무 재밌게 봤어용 앞으로 상업영화도 자주 출연하셨으면 좋겠어요 ㅠㅠ 구교환 배우 연기는 볼때마다 재밌고 흥미로워요 다음 작품이 기대되구요 ㅎㅎ 무튼 모가디슈 보기 전엔 이름도 생소한데 실제로 다룬 소재도 생소하고 잘 알려진 사건? 은 아니라 잘 몰랐지만 또한번 우리역사에 대해서도 생각해볼 수 있던 기회였던 것 같습니다모가디슈 ㅠㅠ 더 흥행하시길 !! 무튼 강추 ,10
모가디슈,지금도 끝나지 않는 전쟁과 분열 갈등 안에서민족애와 생존본능에 대한 다큐같은 영화남편이랑 마지막 휴가에 탁월한 선택이었고시원한 영화였음조인성연기 오랜만이라 더 좋았음김윤식의 명품연기도 좋았고 ,10
모가디슈,"감동과 재미,뒤돌아 보지 못하는 마지막 장면에서 눈물이.... ",10
알라딘,미장셴 극최상. 정말 의상 소품색감 하나하나 신경썼다는게 느껴짐.  본인 미대출신.. 근데 진짜 잘썼다고 감탄이 나올정도.그냥 한마디로 축약하자면.. 윌스미스가 멱살캐리 ,10
황해,허무하게도 승자는 아무도 없다. ,7
모가디슈,조인성 보러가서 좋았는  데 구교환  연기력도 넘 좋았어요 ~  짱!!! ,10
블랙 위도우,"연출로 초반 ost와 함께 블랙위도우 양산소 부분이 좋고, 후반 공중액션신도 좋았음 블랙위도우를 깔끔하게 바통터치하는 느낌 까진 좋았는데 캐릭터들이 살짝 아쉬움 ",7
엽문4: 더 파이널,점점 중국 중화사상 국뽕 영화로... ,6
클로버필드 10번지,끝나는 순간까지 반전에 반전을 거듭하는 최고의 영화다 ,10
모가디슈,와 진짜 알바들 무섭다. 뻔한스토리에 진부한 결말. 억지 전개 등 최악이었다. ,2
모가디슈,"처음에는 긴박한 클라이맥스를 향해가는 서사부의 느릿함이라 생각했으나, 계속되는 의미없는 총소리와 총알 1,000발을 맞아도 멀쩡한 자동차를 보며 흥미를 잃어버렸다. 그리고 남과 북의 화합이라는 뻔하디 뻔한 스토리 전개는 나의 무료함을 자아냈다. 볼 것이라고는 조인성 얼굴 하나였다. ",2
감쪽같은 그녀,억지감동 억지사투리 억지웃음 배우들 연기력만 아까움 ,1
모가디슈,재밌었어요~ 오랜만에 영화 재밋게본거같네요 ,10
더 수어사이드 스쿼드,전체적으로 만족스러웠으나 굳이 청불로 만들면서까지 잔인하게 연출했어야 했는지는 조금 의문. 스토리는 유치한데 유혈낭자하니까 언매칭에서 오는 재미가 있기는 하지만 제임스 건은 <가오갤>시리즈때 연출이 더 좋았다고 생각함. ,8
신 고질라,고질라 액션이 너무 부자연스러움 정치지판이고 나발이고 흡입력있지도 않고 이영화는 괴수 영화임 메임을 OOO기 OO이 만들었음 콩 고질라 를 한번 더보겠음 다시한번 말하지만 이영화눈 OOO기 영화임 ,2
모가디슈,소말리아 영화를 오로지 '블랙 호크 다운'만 알고 있는 이들이라면 이 영화는 '블랙 호크 다운' 프리퀼로도 손색 없는 작품임. 할리우드식 액션보다 더 생생한 전쟁에 대한 두려움과 그 속에서 피어나는 인간애를 경험할 수 있음. 보고나서도 오랫동안 잔상이 남는 영화! 역시 류승완 감독이다. ,8
방법: 재차의,좀 오글거리지만 긴장감있고 재밌었어요 (드라마는 안봄) ,10
모가디슈,남!자의 자존심   페!ㅐ션 센스도 갖춘  미!친존재감 ㅈㅁㅅ ,1
모가디슈,담담하게 그려낸 남북관계의 모습을 통해 여러모로 많은 생각이 들었습니다. ,10
비바리움,소름돋는 영화 오랫만...새로운 느낌 스토리가 맘에 든다. ,10
모가디슈,요근래 본 영화 중에 제일 재밌었음 ,10
"그 시절, 우리가 좋아했던 소녀",<너의 결혼식>원본. 성격차이로 이혼하는 것보다는 현명한 거 아냐?OST가 좋아.. ,7
콰이어트 플레이스 2,보통 영화보다 잠드는데 끝까지다봤음 아역포함 배우들 연기도 훌륭했음 마지막장면에 성장하는 아이들이 어른을 지켜주는 모습에 3탄이 기다려짐 ,10
크루엘라,"연기 좋고 볼거리 있는데, 스토리가 좀 약한듯. ",8
모가디슈,오랫만에  잘 짜여진 구성과  모든 배우들의 훌륭한 연기력( 심지어 아프리카배우들도 꽤 괜찮았다 !!외국배우들이 어색한 연기를 펼치면 몰입도가 떨어지는데 )이 잘 뒷받침되고 내전상황의 긴박함이 보는내내 심장이 쫄깃했던!! 꼭 극장에서 보세요 강추!! ,10
원스 어폰 어 타임... 인 할리우드,그냥 보면 뭔가 싶지만 감상 후 실제로 있었던 샤론 테이트 살인사건과 미국의 69년의 사회분위기에 대해서 약간 알 필요가 있는것같다. 그리고 브래드 피트는 진짜 너무 멋있다. ,9
더 수어사이드 스쿼드,OST가 가오갤 감성이라 맘에 듬 초반 해안가에서 OST 가사가 그들의 결말을 예견하고 마고로비 액션은 블위보다 좋았음 수어사이드에 가장 잘 어울리는 멤버는 피스메이커 같음 ,8
블랙 위도우,스칼렛요한슨을 보냅니다..즐거웠어요 ,7
쇼생크 탈출,이 영화를 아직도 안봤다면 어디가서 영화를 봤다고 하지마세요내 인생 최고의 영화라고 자부합니다 ,10
밥정,산골에 사시는 할머니 할아버지 처럼 나도 겸허히 내 삶을 받아들이고 살아 갔으면 좋겠다 인생의 참뜻을 일깨워주는 참된 영화인것 같다 ,10
마르셀의 추억,내 인생 최애작품 인것 같습니다너무 좋았던 작품입니다 ,10
모가디슈,야 간첩 4명 나왔댄다. 북한 손잡는 영화 그만찍고 반공영화나 쳐만들어 ,1
모가디슈,디렉팅 연기 다 좋았음. 구질구질한 신파가 없어서 보기 편했음. ,8
랑종,"영화를 색안경을 안 끼고, 영화 그 자체로 보니 괜찮은 영화입니다. 얼마나 똥 하나 묻은거 없이 깨끗한 사람들이기에, 여러 커뮤 네티즌의 다양한 평가들 중에 다 싫어도 여성배우 연기력만 칭찬하는 부분들 및 페미성향 비평글이 많은걸 보고 알았습니다. 비난을 위한 pc적 비평으로만 영화를 보지 않으면 참 재밌다고 생각하는 영화입니다. ",10
모가디슈,"기대보다 재미있었고, 실화 바탕이라 더 몰입해서 봤습니다. ",10
언더 워터,에어컨 꺼도 쿨파워 튼 것 처럼 등골이 서늘했다.완전 스릴러의 원조같은 원조아닌 영화네ㅋ ,10
모가디슈,걍 존잼이야.. 꼭 보세요 ,10
모가디슈,깻잎을 먹을깨 이해하고 도와주듯이 남북이 손잡으면 못할게 없어여 ,10
모가디슈,"스토리는 예상가능한 뻔한 내용이지만 몰입감 좋고 연기, 연출 좋아 재미있게 봤네요.간만에 극장가서 볼만한 영화입니다. ",10
더 수어사이드 스쿼드,블랙위도우보단 재미 없고..그냥 저냥 볼만합니다.. ,8
새콤달콤,배우들의 연기가 좋았습니다. 채수빈 초반 능청스러운 연기 굿굿 ,10
모가디슈,오랜만에 너무 재밌게 본 영화 .. 액션 싫어하는데 유일하게 재밌게 봤습니다 ,10
내 손을 잡아,박시은 연기 잘하네...ㅎㅎ ,6
어벤져스,"재미있는 영화, 사랑받는 영화들의모든 요소를 갖춘 마블의 첫번째 종합 선물셋트 ! ",8
에이리언: 커버넌트,프로메테우스 후속 닥터쇼와 데이빗의 엔지니어를 만나러 가는 여정을 기대한 사람들에겐 똥이다 이건. ,1
모가디슈,상당히 몰입감 높게 봤지만 개연성은 좀 떨어지는 듯 ,6
모가디슈,"중,고등학생 아들들과 재미있게 잘보았습니다.감동실화 ",10
더 수어사이드 스쿼드,"대사로 웃기는데엔 감독이 소질 없는듯 하고, 행동으로 웃기는건 봐줄만 했다. 그냥 한껏 분위기 다 잡아놓고 느금마사 했던 영화 보단 훨씬 보기 편했다. 매우 알록달록한 잔인함이 참 내 취향이었어. ",10
모가디슈,배우들 고생 참 많이 했겠다 싶음.  신파가 없어서 좋았다  저도 한표 드립니다 ,8
CCTV,곽도원 믿고 봤는데 독립영화인줄 몰랐네..  반전이 없었으면 엉망이 될뻘한 스토리 ,6
굿바이 싱글,있지도 않은 갈등 해결하는 걸 가르치겠다는 식. 그림 그리러 들어가지 못하게 막는 데에서 황당하고 웃겨서 참.. 이런 걸 지 혼자 쉐도우 복싱이라고 하든가. ,1
좀비파이터,독립영화인걸 감안하고 봐야..  약간 지루함 ,4
모가디슈,도대체 북한은 맨날 왜 쳐엮는건지... ,5
리얼 스틸,너무 재밌어요 2기대해여 ,10
블랙 위도우,마블빠가 봐도 빻았어 진짜라구 ,1
더 수어사이드 스쿼드,음… 영화관에서 보는데 이상하게 전체적으로 장면들이 다 어두워서.. 보기 불편했어요.. 어떤 때는 인물의 얼굴을 알아보기도 힘들고 이게 낮인지 밤인지 구분이 안가더라구요.. 아 참고로 영화 보다가 제 옆자리에서 보신 분은 주무시더라구요? (보시려면 참조..) 그냥 중간에 가시는 분들은 또 처음이라.. ,5
모가디슈,오랜만에 감동적인 영화를 만났어요 코로나가 어서끝나고 많은 분들이 함께 보면 좋을 영화 ,10
더 수어사이드 스쿼드,피튀기냐?yes 야하냐?yes 뽕빨이냐?yes ,10
블랙 위도우,블랙위도우 2 가쟈 !!! ,10
더 수어사이드 스쿼드,귀여운 상어의 먹방 그리고 개그는 취향차이(호불호심하게갈림)지만 액션은 볼만합니다 ,10
모가디슈,애들이 총쏘면서 웃는장면 너무 충격이네요 ~배우들의 연기에 빠져들다보니 시간가는줄 몰랐네요 ~ ,10
극장판 도라에몽: 진구의 신공룡,"아들이랑 같이 가서봤는데, 제가 울었네요;;; 감동적이였어요 ㅎㅎ 재미있고 ㅎㅎ 공룡도 귀엽고 ",10
이웃집에 신이 산다,오 마이 지저스 크라이스트 ,9
뱀파이어 아카데미,연출부터 연기까지 너무 재밌게 본 영화로 뱀파이어 내용 중 트와일라잇 다음으로 꿀잼 ,10
플립,ㅜㅜ 너무 감동적인 영화 울었어요 첫사랑이 생각나고 학창시절도 생각나고 .. ,10
나만 보이니,연출은 조금 아쉽지만 각 배우들 연기좋음. ,10
크루엘라,전체적으로 스토리 재미있고 좋네요. 네이버 영화로 다운 받아서 봤습니다. 추천합니다. ,10
트라이앵글,무한 루프 영화중에 최고 같음. 맨 처음 여주 등장 연기에 답답함이 컸는데 그 이유가 뒤에 밝혀지니 꾹 참고 보시면 됩니다. 그리스신화도 잘 맞고 정말 시간 순삭 재밌게봤어요 ,10
모가디슈,오랫만에 재미있게 상영했네요. ,10
고지전,다시봐도 명작이다. 신하균 같은 애들 군대가면 개 많음 ,10
감시자들,볼 게 없어서 채널 돌리다가  EBS  이 영화보고 밤 늦게까지 재미있게 봤습니다. 10점 만점에 10점! ,10
모가디슈,모르겠습니다. 초반에 긴호흡들 지루했으며깨알재미마저 거의없어서 이건 진짜 다큐스러운영화라고 말할수있습니다. 그나마 마지막에 차추격씬과 남북헤어질때 감정처리정도는 신파없이 끝내서 깔끔했네요. 전 그다지정도의 영화였습니다 ,6
모가디슈,"기대 안했는데,, 배우분들 연기는 물론 연출 장난아니에요ㅠㅠ ",10
모가디슈,다들 액션보러 가는 거잖아요 ㅎㅎ ,8
새콤달콤,재밌게보았습니다 ㄹㅎㅎ ,8
타짜,최고의 영화. 234찍을때마다 1편이 더욱 돋보이는 영화 ,10
모가디슈,"힘을 뺀 김윤석의 연기는 재미가 없었고, 조인성 특유의 고함 연기는 늘 똑같았다. 어설프게 구성한 에피소드로는 남북 관계의 유대감을 통해 관객의 공감을 얻어내기엔 많이 부족하다. ",5
모가디슈,스토리가 탄탄해 보기좋았습니다 ,10
모가디슈,"와 글로벌리 흥행하면 좋겠다는 생각과 그만큼 완성도 높은 영화인 것 같아요. 조주연 배우는 물론이고 외국배우들도 열연하는 , 연출과 디렉팅의 정수를 느꼈습니다. 신파없이 잔잔하고 진하게 밀려오는 감동도 일품!! ",10
이스케이프 룸 2: 노 웨이 아웃,상상할 수 없을 정도로 재미있었다 ,10
모가디슈,"영화 홍보 프로그램에서 중반부까지 소개가 다 되어 스토리가 뻔하다. 억지 감동은 없으나 남북관계의 설정상 어쩔 수 없는 오글거림이 가미되어 있고 류승완 감독의 액션을 기대하기에는 부족하다. 류승완 감독은 잘하는게 있는데 왜 자꾸 한눈을 파는지... 아라한장풍대작전, 부당거래, 베테랑 등 류승완 특유의 영화가 그립다. ",6
모가디슈,오랜만에  영화 즐겁게  봤어요감동도있고 긴장감도 있고  연기력은 덤 ,10
테넷,"그냥그럼; 아이디어는 참신 했으나, 편집은 이상하게 해서 자세히 묘사해야 할 부분은 빨리 지나가 버려 이해 어렵게 만들고.. 설정도 오류투성이, =  그들만의 영화 ",6
더 수어사이드 스쿼드,킬링타임용으로 잼게봤어요 중간에 쪼금 지루하긴함 ,8
극락도 살인사건,나름 준수한 스릴러.. ,6
더 수어사이드 스쿼드,그냥 아무생각없이 보는 영화 ㅋㅋ ,6
모가디슈,억지로 즙짜는 장면없이 담백한 진행에 시원한 액션까지 ,10
모가디슈,실화를 바탕으로 해서 나름 잘 만든 영화.. ,8
음란서생,"그냥그럼.,.,., ",2
모가디슈,한국영화 진짜 허접...경비가 몇 명 되지도 않는데 반공이 못들어와?어설픈 자동차씬하며...한국영화는 참 수준이 떨어지는건 확실 ,2
모가디슈,조인성이 감초로 나오다니 ㅋㅋ ,10
모가디슈,믿고보는 류승완흥미딘딘했으 ,10
더 수어사이드 스쿼드,"영화 스토리 별로재미 없고, 코미디 영화이나 그닥.... 영화 액션보다는 잔인한 장면만 많아서 볼많하지는 않아요 ",2
모가디슈,외국인 배우들의 연기도 돋보였음아이들이 다치거나 죽거나 총이 장난감이 되었을 때 마음아팠음전쟁의 무서움을 잘 나타냄 ,10
블랙 위도우,무난하다... ,7
더 수어사이드 스쿼드,보다 어쩔 수 없이 잠들었다. ,2
황해,하정우 김윤식의 연기는 그야말로 현지인 그 자체  스토리도 탄탄하고 몰입도가 장난아니다 세번봐도 재미있었다 ,10
모가디슈,김윤식 + 조인성 음...뭐지 했다가 류승완 감독!이면 극장가서 봐야죠 돈값합니다 ,10
더 수어사이드 스쿼드,내용 점점 산으로감 할리퀸은 이쁨 ,1
포레스트 검프,우리의 사는 모든 순간을 놓치지 말자.^^ 애플 ,10
"그 시절, 우리가 좋아했던 소녀",첫사랑의 추억이 새록새록~감동이였어요 ,10
수어사이드 스쿼드,이 좋은 배우들을 데리고 개망작을 만들다니... ,1
블러드 레드 스카이,"모성애를 쥐어짜긴하는데, 내용이.. 읭? 갑자기? 또 갑자기? 자연스럽지못한 뜬금없는 전개. 보고나서 리뷰보는데 아 역시 보는눈은 다 비슷하구나아역이 너무 처음부터끝까지 고구마백개 캐릭터,사건의발단도 중간중간 반전을노린듯한 행동들도라스트에서 반전을노렸지만 답답스러운 저정도면 큰아인데 유아틱한 행동과말들;  캐릭터들도 확실한 정체성이없이 뜨뜨미지근한 느낌에, 몰입이 되다 깨지다 되다 깨지다 반복하다끝. ",4
발신제한,영화레트리뷰션 : 응징의날2016년에 나온 영화랑 하너도 다를게 없는 한국판이네요.... 스토리며 다 같은데 주연배우가 캐리함... ,6
모가디슈,너무 재밌었어요 잘만든 영화 ,10
모가디슈,꼴페미 정만식에 1점을 드림 ,1
모가디슈,실제로 보면 잘만든 영화다..  병따 정치충 놈들이 북한나오니 보지도 않고 악플만 쳐 하는데 영화를 쳐봐라.. 남북화합이나 한민족 같은 그런 내용이 아니다 븅들아... 인간으로써 살기 위한 여정이고 당시 현실에 대한 안타까움만 맴도는 영화다... 영화 보지도 않는 키보드 워리어들아 좀 꺼져라 ,8
콘스탄틴,역사상 가장 이해하기 쉬운 성서영화 ,10
목소리의 형태,마음아픈 영화 자꾸 생각나는 영화 ,10
모가디슈,만식공주 최고임 !!!! ,10
악마를 보았다,최고라고생각합니다 국민살인마 최민식배우님 존경합니다 ,10
더 수어사이드 스쿼드,"기대 없이 봤는데.. 일단 연출 미쳤구요, 캐릭터 미쳤습니다.액션씬이나, 스토리만 보면 솔직히 5점인데. 연출 미쳤고, 캐릭터가 너무 다들 매력적이라 ㅠㅠ ",8
블랙 위도우,넘 재밌었음. 모두가 봤으면 좋겠습니다. 이번 편을 통해 마블 전편을 봐볼까합니다 ,10
콰이어트 플레이스 2,"1,2편 몰아서 봄.  결론은 지루하고 허무함.기대 많이 했는데 어차피 보기 시작했으니 끝까지 보자하고 겨우 봄. ",2
더 시크릿,가해자이자 피해자 용서 받을 수 있는가?? ,6
모가디슈,굿 ,10
커튼콜,감독 프로필 없내 이거찍고 본인도 창피햇나 ㅋㅋ ,1
모가디슈,괜찮은 영화에 북한 때려넣기 좌빨영화 ,8
호스트: 접속금지,50분이라고 돈아깝다는거지새기들많네 ,2
블랙 위도우,재밌어요 ,8
정글 크루즈,초5 딸과 함께 봤는데 무척 재미있었다고 한다. 내 생각도 마찬가지다. 가족과 함께 볼 영화로서 이 정도면 괜찮다고 본다. ,8
그린 랜턴: 반지의 선택,나름 재밌게 봄~라이언 레이놀즈 귀여워~누가 뭐래도~ ,10
나비 효과,이 영화를 10대에 보지 않은 것은 행운이다. ,9
모가디슈,재밌게 보다가 막판에 총 그렇게 맞고도 다들 멀쩡한 억지액션 보고 좀 어이없긴했음 90년대 소말리아 묘사는 진짜 리얼하긴 함 ,8
랑종,저는 매우 좋았어요. 관객으로 하여금 계속 의심하게 하는게 재미있었어요. 그리고 신은 무엇인지 인간의 위선에 대하여 생각할 수 있게 합니다. ,10
매그니피센트 7,배우들의 연기가 좋았습니다. ,10
봄날은 간다,누구나 그였었고 그녀였다. ,10
8월의 크리스마스,두범다시 안나올 영화먹막함에 말이안나온다 ,10
국가부도의 날,이 영화는 편향 왜곡이 심하다 그럼 어음남발하는 잘못된 경제구조를 유지하는게 옳았나? imf를 통한 구조조정은 결국 기형적인 경제구조를 개혁하기위한 장기적인 선택이었다 imf가 싫다고 디폴트를 말하는 주인공에게 공감가야할 이유가? 관객의 수준을 얕보는 영화 ,3
케이크메이커,집에서는 신발벗고 들어가라 좀ㅋ ,10
낙원의 밤,킬링타임용 영화.감성적이고 유머코드가있어 괜찮았다. ,8
라붐,소피마르소 부모님씬이 더 재미있었음 노팅힐 보디가드처럼 명장면 기대하며 보기엔부족함이 느껴짐 마지막에 눈뽕때문에 시력 떨어짐 ,7
더 수어사이드 스쿼드,이런 단순하게 때려부시는 영화 너무 좋아 ㅠㅠㅠ 그안에 작은 귀여움과 감동 ㅎㅎ 취저임....마지막엔 옛날 우리나라 망한 영화중 하이그래같은 그런 느낌이 들었지만 ㅋㅋ ,10
너의 결혼식,환승희 개 나쁨 개빡쳐버려 ,8
신세계,"경찰이 나중에 조직의 보스가 되는 과정. 잔인한 장면도 있지만,이정도면 한국영화 탑10에 들 정도. 액션 영화 좋아한다면 반드시 보아야할것. 황정민의 연기 베리 굳. 이정재는 부드러운 이미지로 이런 영화와는 다소 어울리지 않을듯.. ",10
모가디슈,실화를 아주 잘 그려낸 영화 남과북은 결국 하나다. ,10
블랙머니,유치함의 극치에 충분히 예측할수 있는 뻔한 스토리전개... 시간아까움 ,2
CCTV,시작부터 가을인데 12월 31이라는건 머임?? ,6
모가디슈,태준기....♡♡♡ ,10
폼포코 너구리 대작전,동물멸종위기온것도 인간때문일수도 ,10
블랙 위도우,너무 오랜만에 재미있는 마블영화를 봤습니다. ,10
그곳에서만 빛난다,흡입력이 높은 영화 였고 주인공 3인방 모두 매력적. 해피엔딩으로 해석하고 싶다 ,9
조이,"몇몇 장면은 괜찮은데, 이야기 전개가 약간... ",7
더 수어사이드 스쿼드,우리가 상상하는 멋진 모습이 아닌 정신나가보이고 어중간한데도 어쨌든 히어로물이다 보니 꽤 볼만하다. 그냥 생각없이 액션에만 몰입하고 싶다면 추천한다. ,7
혼자 사는 사람들,주인공이 매번 장초를 버리는것에 대하여 아무리 연기자가 비흡연자라고는 하지만 눈을 찌푸릴수밖에 없었다 ,7
러브레터,"몇번을 보는지...내 생에 최고의 멜로영화영상미,ost 모두 너무 아름답고 황홀하다. 생각날때마다 꺼내보는 영화. ",10
자이언트,진짜 쿨타임 돌때마다 보는 드라마. ost도 레전드고 전부 하나하나 빠질게 없는 갓드라마 ,10
퍼펙트맨,언터처블 고대로 따라했을 줄 알았는데 틀만 잡고 재밌게 풀었네 킬링타임으론 손색이 없다. ,8
원더 우먼 1984,몰입도가 너무 강했다. 2시간동안 갤가돗 얼굴에만 빠져드는 영화 ,3
다크 나이트,굿  조커가 너무 징그러워 ,10
모가디슈,공석에선 함께하지못하는 슬픔 ,10
더 문,이제라도 알게되어서 좋은 영화 ,8
턴: 더 스트릿,연기를 너무 너무 잘하시네요 이 영화 꼭 보시길 바랍니다 클레멘타인 영화를 잇는 영화입니다 ,10
더 수어사이드 스쿼드,1편만큼 쓰레기네졸라재미없네 ,4
미드나잇 인 파리,정말 최고임... 꼭 봐야함 이건 걸작임 ,10
울고 싶은 나는 고양이 가면을 쓴다,1시간 44분 이라는 시간이 이렇게 빨리 가는시간인지 몰랐습니다.. ,10
존 윅 3: 파라벨룸,존윅은 1.2 더 재밌다.. ,6
블러드 레드 스카이,아들역은 감독 아들을 데려다 찍은거냐? 연기가 너무하잖아 ,1
걸캅스,꼴깝스 꼴깝스 꼴깝쓰 꼴깝쓰 ,2
너의 췌장을 먹고 싶어,원작에선 남주가 동글동글하고 키 작고 귀여웠다면 애니에선 남주가 뭔가 원작하고 달랐지만 감정이입하는데엔 지장이 없었습니다확실히 책(원작)으로 보는게 훨씬 재밌던거같습니다 ,10
모가디슈,쫄보라 총 탕탕 소리랑 전시상황들이 너무 기빨렸지만 그래도 재밌게 잘 봐써여 ,10
비밀,으… 심각하네… 뭔 내용이 이러냥 ,2
드래곤 길들이기 3,"1,2,3 시리즈 전부 이렇게 완벽할 수가 있을까 21세기 최고 명작  요즘같은 시기에 인기가 많으면 항상 딴길로 빠지기 마련인데 이 영화는 정말끝까지 완벽하게 관객들을 감동시켰다 ",10
드래곤 길들이기 3,"1,2,3 시리즈 전부 이렇게 완벽할 수가 있을까 21세기 최고 명작  요즘같은 시기에 인기가 많으면 항상 딴길로 빠지기 마련인데 이 영화는 정말끝까지 완벽하게 관객들을 감동시켰다 ",10
아수라,https://youtu.be/9CtXkCcgyxI ,1
반도,이거 개꿀잼인데 왜 다들 별로라함? 서대위한테 반했다 ,10
모가디슈,애매..하다.. 이 감독님 영화가 다 그럼.. 보는 도중엔 그냥저냥 재밌게 보는데 다 보고 나면 남는게 없음 액션씬은 좋았으나 그것만 좋았던 것 같은 영화.. 그냥 잘 만들어진 킬링타임용? 딱 그정도인 것 같다. 그리고 이건 다른 소리인데 북한말 고증이 너무 안되어있어서 몰입이 좀... 깨짐... 그냥 사투리쓰는것같음 ,6
그린 나이트,졸림 난해함 영상미있다지만 그냥그럼 ,4
셔터 아일랜드,그동안 영화를 너무 많이 봤나보다 초반 30분 부터 반전이 예측돼서 재밌기는 했는데 흥미롭지는 않았다 그만큼 이 영화와 소설이 지금 탄생하는 수많은 비슷한 플롯의 대중매체의 원작격이라는 거겠지 ,8
천공의 성 라퓨타,땅에 뿌리내려 바람과 함께 살아가자 ,10
마담 뺑덕,난민전문가 압둘라하 부 바크르 알바그다디 정우성의 파워깔작 뒷치기 ,4
미드나잇 선,"이걸 왜 이제 봤나 싶네요 , 마지막에 케이티가 부른 노래가 라디오에서 나올때 너무 슬퍼요ㅜㅜ ",10
그린 존,소재 내용 연기 10점 드립니다 ,10
모가디슈,여운이 오래 가네요 구교환 배우 다시 보러 2차 관람 예정입니다 ,10
트와일라잇,와 진짜 너무 좋아 제발 이런 거 또 내주세요 ,10
더 수어사이드 스쿼드,"갠적으로 스토리는 가오갤이, 몰입도는 아쿠아맨이 더 좋았던 것 같아요. 가끔 잔인한 장면이 문득문득 지나가고, 후반부의 무거운 분위기는 별로 였습니다. 그래도 왜 이 영화가 전문가 평점이 높은것은 예술영화에서나 볼 정도의 수준 높은 미장센과 여러가지 시도,  그리고 감독 특유 유머코드가 돋보여서 그렇지 않았을까요. DC지만 어른 전용 다재다능 영화였습니다. ",7
더 수어사이드 스쿼드,"할리퀸 외에도 다른 캐릭터들의 매력이 빛을 발했고 연출, OST, 스토리, 영상미, 연기 뭐하나 빠짐없이 완벽한 영화였다 ",10
플립,와 이걸 왜 이제 봤지 남주가 너무 잘생김 ,10
맨 오브 스틸,이 영화를 보는 어른들에게 영웅은 좋은 부모에서 나온다 라는 교훈을 알려주는 괜찮은 영화 ,7
냉정과 열정 사이,저런사랑을해보지못한게 아쉽다 ,9
모가디슈,스케일 큰 액션에 담담한 스토리 ,10
위대한 개츠비,사랑을 위한 일이였고 마지막엔 단 한명만 남은 게츠비가 어쩌면 내가 보기엔 가여웠다 호화롭게 나타난 모습이지만 결국 모든게 사라진게 가엽다 ,10
모가디슈,억지 감동요소 빼고 영화 존나 오랜만에 다 좋았는데 정만식 같은 무식이가 있어서 1점 준다 ,1
모가디슈,오 생각없이 봤는데 재밌네 ,8
구타유발자들,보면 기분나쁜데 과정이 너무 재밌음. ,10
"아이, 토냐","토냐와미국의이야기지만,우리의 이야기다. 너무 쉽게들 돌을던진다. ",9
라이언 일병 구하기,말이 필요없는 영화 감동적이고 가슴이 먹먹하세요 ,10
유어 아이즈 텔,"음..별 기대안했는데..소지섭&한효주 연기도 좋았는데, 일본배우들의 연기도 감정선하며 너무 좋았어요.음악도 좋고, 게다가 둘 다 제가 좋아하는 배우라 더 좋았네요 ",10
모가디슈,생각보다 잘만든 영화 ,10
더 수어사이드 스쿼드,이런 유의 영화로 이 정도 하기도 쉽지 않거든 ,8
더 수어사이드 스쿼드,아 재밋다 꾸르잼잼 기가 마켜 ,10
더 기버: 기억전달자,진짜집중해서 볼 수 밖에 없습니다 ,10
장화신은 고양이,역시 슈렉제작진 옛날에 봤던것같은데 또봐도 재밌네요 ,8
베를린,긴장감 최고 너무 재밌어요배우들 연기 너무 잘하고 후속편이 기다려집니다! ,10
800,오랜만에 너무 가슴 뭉쿨하게 만드는 영화네요 2차대전때 일본하고 싸우면 다우리편이죠!!! 실화이고 전쟁에 대해 정말 실감나게 만든영화라서  좋았어요  수류탄 안고뛰어내릴때 눈물났어요ㅜㅜ ,10
블러드 레드 스카이,"애가 연기를 진짜 못하긴 하는데여기 네이버 평점러들 애보다 못하네 ㅋ극중에 테러리스트,주식러,군대 얘기는 없는데 애를 발암유발자로 바라본다는게 어이가없네 ㅋ세상이 미쳐돌아가나.영화자체는 킬링타임용. 썩 나쁘지않아요. 애기빼고는 다들 연기 낫뱃정도임. 어둡고 딥한 느낌영화 좋아하시면 한번쯤 보셈 ",6
블러드 레드 스카이,좀비물인데 짜임이 괜찮고 감동도 있음 꽤 괜찮은 영화 ,10
새콤달콤,채수빈 너무 예뻐요 흑흑 ,10
더 문,도덕 시간에 틀어주면 좋을 영화. 매우 인상적인 데뷔작 ,9
블러드 레드 스카이,스릴러 호러 많이 보는 사람으로 평점 너무 낮아서 안타까워 처음 평점 남겨봅니다 이래서 평점은 믿는게 아닌듯하네요 지극히 개인적인 평가라..스토리도 참신하고 재밌습니다 좀비 호러물 좋아하는 분들께 강추합니다 ,10
킬러의 보디가드 2: 킬러의 와이프,성인 개그가 많고 유머가 재미있는 만화같은  액션영화입니다. 우울할때 보세요 신납니다. ,10
모노노케 히메,"하야오 감독의 정점인 작품. 인류와 환경이라는심오하고 큰 이야기를 담고 있고, 세련된 작화, 색감, 스토리, 음악 및 연출로보고 듣는 재미까지 선사하는 작품. ",10
더 리더: 책 읽어주는 남자,일제강점기 친일파 부역자들조선사람들 죽인 사람들지금이라고 처벌해야한다 ,10
비긴 어게인,노래 너무 좋고 분위기도 굿 ,10
젠틀맨,스토리도 지리고 반전도 지려요 인생영화 굳굳 ,10
너의 이름은.,내 인생 최고의 애니메이션 영화 ,10
더 수어사이드 스쿼드,"처음에 반 죽여서 병맛을 준 건 괜찮다. 하지만 이후 루즈한 전개가 지루하게 만들었고, 자꾸 '몇 시간 전'이란 배경과 함께 뚝뚝 끊어지는 난잡한 스토리 라인으로 몰입을 할 수 없었다. 후반부까지 남아있는 캐릭터들도 절반은 설정만 있는 들러리에 가까웠고, 억지로 만든 유사 부녀관계는 신파에 가까웠다. 불가사리 실험 관련 디스크를 획득할 때까지만 해도 팍스 아메리카와 같은 미국식 영웅서사 클리셰를 까는 걸로 가는 듯 했으나, 이후 난데없이 아이들을 위해 싸운다고 해 주제의식에 있어 일관성이 없다. 여기에 반정에 성공한 반란군은 그들로 인해 성공할 수 있었다는 인터뷰로 미국이 없으면 아무것도 못하는 타국이란 인상을 주고 끝난다. 주제의식조차 모순적이다. ",1
우주 전쟁,외계인들보다 자식들이 더 무섭다 ,8
더 수어사이드 스쿼드,"마고로비는여신이다..  배우들연기, 스타일도 최고 ",10
모가디슈,태준기.. 살려주세요 ㅠ ,10
클래식,이 명작을 32먹고 이제서야 처음 봤네요와이프 처가 내려갔을때 혼자 밤에 맥주마시며보다 눈물범벅됐네요 너무 감동적이고 좋은 영화였습니다 ,10
마담 뺑덕,가스불은끄고만나자제발 왜남탓을해ㅡㅡ ,6
모가디슈,태준기 존멋탱 사랑합니다 구교환^^ ,10
모가디슈,"기다리던영화,추천합니다!!! ",10
모가디슈,구교환이 살린 영화 . 오직 구교환 ,10
모가디슈,구교환 연기도 너무 잘하고 눈물나게 사랑한다 ,10
발신제한,제네시스 절대 안산다. 부산에 절대 안산다 길 좃끗다 ,1
엑소시스트 2,원작에서 내용이 산으로 가버린듯하지만 유일하게 연출과 그래픽은 시대에 딱 걸맞는다. 의아한 메뚜기 1인칭시점 그리고 부두술사..엑소시즘이 아닌 샤머니즘 ,4
모가디슈,갓만에 좋은영화 나왓네요 ,10
블러드 레드 스카이,"2점도 아깝습니다개연성 제로, 일관성 제로, 연기력 제로마지막 결말은 긴장감을 더하려고 억지로 쥐어짜낸 것 같은데 그마저도 답답 그자체네요특히 주인공 남자아이는 캐릭터도 연기도 답답...넷플릭스 오리지널은 갈수록 실망이네요시간 아깝습니다이런류 보려거든 차라리 레지던트 이블이나 28일후 보세요 비교 됩니다 진짜 ",2
사라진 시간,양심상 3점드립니다제기준엔 딱 3점만한 영화였내요재미가 없습니다 ,3
정직한 후보,딱 웃으며 보기에 재밌다 배우들 연기도 나쁘지 않고 좋다 ,10
낙원의 밤,차승원 캐리 차승원만 보여 ,8
바람의 검심,꽤나 잘 만들었다. 원작을 잘 묘사 했다. ,8
아미 오브 더 데드,발암 캐릭터 좀 나대지말라고 시간 버렸네 ㅡㅡ ,1
화이트 릴리,영화보는 내내 남자 주인공이 되고 싶었다. 그 뿐이다. ,3
컨테이젼,놀라운 영화..과장없는 스토리와 연출.. ,10
더 리더: 책 읽어주는 남자,내가 얼마나 머리를 쓰지 않고 살아왔는가를 가늠할 수 있게 하는 영화. 이 영화가 재밌다면 나는 정말 단순하고 뇌가 없이 살아갈 수 있는 걸 확신해도 되는 영화. 20년 쯤 뒤에 보면 완전 졸작일 것 같은 영화. 말도 안 되는 감정선과 억지로 끼워맞춘 듯한 상황극. 쉽게 얘기해 부자연스럽고 일어나지도 않을 법한 억지스러운 상황을 아주 자연스럽게 표현하려고 한 영화 및 소설. 오만과 편견의 아류작. ,1
남한산성,대한민국 사극영화 중 단연 최고다. 하지만 날조된 국뽕 역사관을 가진 한국인들에겐 거북한 영화. ,10
시동,대체 뭔 내용인지 모르겠다. 보는 내내 그래서 지금 뭐하자는건데 싶고 이런 대배우들 모셔놓고 이런 각본 짜내는 것도 능력인듯. 재미도 없어 그냥 욕만 처먹은 것 같음 기분나쁨.그치만 배우들 연기는 좋으니 2점 드립니다 ,4
너를 정리하는 법,"적당히 담고 적당히 놓아주어야한다는것을 느끼게 해주는 영화에요.스토리,영상미 모두 좋아요 잔잔해서 여러번 돌려볼거 같아요. ",10
내겐 너무 소중한 너,오랜만에 너무 좋은 영화를 봤습니다. 연기력에 감탄했어요...중간중간 영상미도 좋았어요. 영화 제작 취지도 good. ,8
블랙 위도우,처음부터 끝까지 몰입감 장난 아니네요! 스칼렛 누나 잊지 않겠습니다.. ,10
메이드 인 루프탑,경박과 예민 사이. (10자 내외) ,4
더 수어사이드 스쿼드,결말 진짜 OOOO 미쳤다ㅋㅋ ,7
모가디슈,"<군함도>에서 삐끗 하더니 다시 정신 차리고 류승완 감독이 가장 잘 하는 것을 보여줬다, 카메라 워킹, 연기, 미장센 등 뭐 하나 빠지는 것 없이 완벽에 가까웠고 한국 영화에서 보기 힘든 액션과 놀라운 볼거리를 만들었다. 사실 그냥 본다면 마치 <블랙호크다운>이나 <아르고>, <13시간>으로 착각 될 수준이다. 영화 초반엔 남과 북의 음모론으로 시작되나 했지만 대사에서 이미 영화의 목적을 내포한다. ""그게 중요한건 아니잖소"" 이렇듯 영화는 중반부터 긴장감을 끌어 모으며 휴머니즘과 생존에만 초점을 맞춰 더욱 더 완성도 있는 영화로 나온게 아닌가 싶다. ",8
변호인,두시간 금방가네..괜한 소문이 아니었어.. ,10
부당거래,이거 보니 배테랑은 코미디영화 수준이런 영화를 이제야 보다니 !류승범 연기 계속 보고싶어요ㅠ 작품 활동 많이 해주셨으면 ㅠㅠㅠ ,10
모가디슈,흔한 스토리지만 속도감 있는 쾌감을 보여줬던 베테랑과는 달리 이번 영화는 (못 만든 영화는 아니지만) 인상적인 장면 없이 밋밋하게 흘러간듯. 특히 작위적인 카체이싱은 오히려 몰입에 방해됐음. 이 감독은 앞으로도 베테랑을 넘는 영화는 못 만들지 싶다. ,6
박하사탕,군대에 간 순간부터 박하사탕이 밟히듯 삶이 .. 경찰을 선택하고도 .. 꼬인다.. 너무나도 처참하다..그때가 그립다 너무나 순수하고 찬란하던 그시절..돌아가고 싶다. ,10
비스티 보이즈,재밌네 예전엔 몰랐는데나이먹고보니...마동석이 나오는줄은새로 안 사실 ㅋㅋㅋ ,8
모가디슈,완전 짱!!코로나 아니었음 대박쳤을 영화네요사운드도 훌륭했어요!! ,10
블랙 위도우,역시 블위!!! ,10
터미널,정말 인상적인 영화입니다. ,10
모가디슈,재미 있으면 추천!  재미 없으면 비추! ,8
워터 릴리스,"가혹한 첫사랑의 열병들이여... 첫사랑은 이미 까마득히 잊은 나이인데도 덩달아 가슴이 저릿하다. ""나를 좋아하는 마음도 조금은 있었을거야. 아니어도 괜찮아. 아직 첫키스는 안했으니까."" /음악도 좋고 엔딩도 좋습니다. ",9
더 수어사이드 스쿼드,유치함과 유머스러움은 한 끗차이. B급도 일부러 연출한 B급과 수준 떨어지는 B급도 한 끗차이. 감독의 이전 마블 가디언즈는 SF라 과해도 캐릭터들의 매력으로 커버가 되었지만 이번작은 매력없는 캐릭터와 유치하고 수준떨어지는 B급 영화 딱 그 정도. 이걸 만점주는 사람들은 그냥 자신의 유치함을 증명하는 수준이지. ,5
모모와 다락방의 수상한 요괴들,일본판 강추합니다.요괴들 괴상하게 생긴 외모와 다르게 하는짓이 너무 귀엽네요ㅎㅎ시간가는줄 모르고 봤습니다 ,10
감시자들,조직적안 추적을 촛점으로 하는 새로운 시도. 신선했고 좋았다. 하지만 시도를 넘어서 영화로의 완성성은  어쉽다. 마치 기술적인 면에만 신경을 쓰다가 재미라는 큰 줄거리를 높친 격. 이번 작업은 완성이 아니라 출발작이었고 이를 바탕으로 완성성이 높아진 다음 작을  기대한다. 평점8은 바람직스러운 새로운 시도를 했다는 점에서 좀 후하게 준 점수다. ,8
더 수어사이드 스쿼드,진짜 존잼 시간가는줄 몰랐다할리퀸 엑션신 도랏~~~~ 훨씬 웅장해지고 영상미가 풍성해짐 ,10
범죄의 여왕,올해 본 영화 중에 거의 제일 좋았던 ,10
더 수어사이드 스쿼드,생각보다 엄청 구리진않고 볼만하던데 ,8
바람이 분다,영화 보기 전에는 여기 평점들 보고 이런 영화를 만들었다고? 싶었지만 보고 나서 여기 테러 한 사람들이 국뽕에 취해 앞을 보지 못하는 사람들이었네 너무 안타깝다 영화는 보고 평점 다는 것들인가 싶네... 창피하다 제발 그러지 마라 ,8
박하사탕,몰입해서 재미있게 봤다. 오래된 영화지만 너무 잘만든 영화. 가장 행복했던 시절로 되돌아갈수 있을까. 되돌아가서 다시 산다면 내 인생은 바뀔까. 과연 지금보다 더 행복할까. ,10
랑종,웬만해선 이런 리뷰 안 다는데카메라 앵글 너무 흔들려서 토쏠려요(내 아이폰으로 영상찍어도 그정도는 아닐거임) 처음은 따분하고 후반부가면 이게 공포물인지 좀비물인지 모를정도로 기괴하고 진짜 귀신씌인 것 처럼 영화 끝난 뒤에는 속도 안좋고 어지러웠어요 스토리도 그러고 제작비 또한 얼마 안들어갔을 것 같음 그냥 기괴함... ,2
모가디슈,잼나게 봤음 인물들이 과하게 표현되지 않아 억지스럽지 않아서 좋네요 코로나이후 젤 좋게 봤습니다 천만갔으면 좋겠네요 ,10
더 수어사이드 스쿼드,"제임스건도 어쩔 수 없구나....1편과 뭐 크게 다르지도 않고, 뛰어나지도 않고, 그냥 병맛 B급만 밀어붙힌 것 뿐... ",1
베를린,2탄 .속편. 언제. 기대 ,10
슈렉 포에버,슈렉은 다시봐도 너무 재밌네 ,10
더 수어사이드 스쿼드,조온시놔~빠밤빠밤빰 빠밤빠밤빰 ,8
블러드 레드 스카이,뱀파이어의 본능을 이긴 모성애는 좋은 소재 였고 연출도 나쁘진 않아서 그냥저냥 볼만했는데 끝에 어떻게든 반전 넣을려다가 모성애로 끝나지도 않고 전체 영화 다 말아 먹은 느낌이랄까 ㅋㅋㅋ ,1
황해,엄청난영화 잔인한장면이 연속되고 무거울거란 생각에 관람을 미뤄뒀던걸 후회한다 역시나홍진 하정우 김윤석 ,10
더 수어사이드 스쿼드,"전작보다는 확실히 좋은데, ... 서사좀 없애면 안되나? 이걸 보러 온 사람들이 통쾌한 액션을 보러 왔지 캐릭터들 서사를 보러 왔을지는 의문. 그 타임을 좀 효율적으로 썼으면 좋았을텐데 ",6
더 수어사이드 스쿼드,예고편이 가장 재미있었음 ,1
윤희에게,내가 본 사랑 이야기 중에 가장 마음을 울렸던 영화. ,10
황해,마누라 찾으려다 개고생했는데 허무하게 ㅜㅜ불쌍한 정 우 ,6
더 수어사이드 스쿼드,기대했는데..이정도면 개찐도찐이잖아... ,4
더 수어사이드 스쿼드,기대했는데..이정도면 개찐도찐이잖아... ,4
굿 라이어,뻔할수도 있고 이외 일수도 있고. 복수를 향한 칼날이 조금 무디다고 느끼나 나름 특색있는 내용. 꽤 볼만하고 추천할만한 영화. ,8
블랙 호크 다운,영화보면서 왜케 미군이 전투를 못하나 싶었는데 실제로 실패한 전투라고 하네요 정치적인 것도 있다고 루머도 있고.. 희생자들만 불쌍한.. 영화의 리얼함은 최고였어요 ,8
너를 정리하는 법,Happy Old Year ,6
모가디슈,"극의 흐름을 방해놓는 조인성의 연기, ",6
클래식,평소에 본다 본다 해놓고 이제야 봤다. ,10
악질경찰,"삼성,검찰,청와대 까려고 만든 좌빨영화 ㅋㅋ최악이다 정말 ",1
더 수어사이드 스쿼드,1편이 조커가 나와서 더 재밌었어요... ,6
잘리카투,이거 왜케 평점이 높음? 이정도 점수의 영화는 아닌데.. ,1
분노의 질주: 더 얼티메이트,분노의 실수: 더 얼탱이없네황당무계각본에 너무 성의가 전혀 없네. 감독은 물리 중등과정도 못배웠나?산전 수전 공중전에 스타워즈까지 하네절도범을 스파이까지 키워놨는데 얘기를 이젠 극장에서는 고만 볼 때가 된것 같다.팬으로서 실망이 컸다.시리즈 중 최악이다. ,4
더 수어사이드 스쿼드,상어 캐릭터 졸귀 냠냠~ ,10
더 수어사이드 스쿼드,"캐릭터 분량 조절이 거의 완벽했다.그중 랫캐쳐는 능력, 코스튬 모두 하찮아 보였고, 할리퀸의 매력에 묻혔다 생각했다. 하지만 스타로 씬에서 랫캐쳐가 빛을 발했고, 타이밍 좋게 과거 회상으로 캐릭터와 장면에 생명을 불어넣었다. 나는 이 의외의 포인트에서 감동이 배가됨을 느꼈다. 아무 감정도 안 남는 그냥 오락 영화와는 달랐다. ",10
더 수어사이드 스쿼드,가디언즈 오브 갤럭시 제임스 건 감독 작품이다 안보신분들 꼭 보세요! 잔인하고 통쾌한 액션 짱!! ,10
모가디슈,영화보는 내내 눈을 땔수 없었어요코로나 때문에 스트레스 이만저만 아니었는데스트레스 확 풀고 왔네요 ,10
아수라,"후,, 자극적이야,,, 스트레스 풀린다,, 평점 낮아서 안보고있었는데 왜 아수리언 팬덤 생겼는지 이해갑니다 한국판 블랙코미디 너무 좋았어요 ",8
모가디슈,영화 소개글만 살짝 읽고 가서 무슨 영화인지 잘 모르고 봤는데 기대 이상으로 재미있었어요 감동도 있고 액션도 있고 배우들 명연기까지! ,10
발신제한,결말이 ㅄ같네요. ,1
해어화,"평점이 왜 8.2점 밖에 안되는지,, 그 어떤 영화보다도 애절하게 봤는데,, ",10
모가디슈,영화관에서 잘조는 편인데 끝까지 집중해서 재밌게봣어요. 택시운전사 영화랑 비슷한 느낌이에요. 내전의 아픔을 간접적으로나마 느꼈습니다. ,10
한 솔로: 스타워즈 스토리,"흠 이거 보니 확실하고. 스타워즈는 1~6 그리고 로그원, 한솔로 이걸로 마무했어야 딱 ",8
나를 차버린 스파이,번역은 이렇게 하는 것이다.. 개재밌고 개인적으로 코미디 영화중 원탑이었음 ,10
화차,슬프면서 무서운 영화. 그녀는 행복해지기 위해 타인의 삶을 뺏기로 했다 ,8
발신제한,인과응보의 결말을 예상했지만..그부분이 아쉽네요.. ,7
힐빌리의 노래,우리 주변에서도 어렵지 않게 찾을 수 있는 이야기. 글렌 클로스의 연기가 생기를 불어 넣다. ,7
정글 크루즈,군더더기 없이 깔끔한 영화보고나면 기분좋아지는 디즈니 마법 ,10
원라인,아니이영화를왜이제알았는지. 진작에봤으면더좋았을껄.. 강추 ,10
아미 오브 더 데드,B급스토리에 영상미만 좋은  제발 각본은 다른사람이 써줬으면 ,8
아메리칸 초밥왕,너무 재미있네요~ 왠지 내예기 갔네 ㅋㅋㅋ ,10
원더풀 라이프,나는 어떤 장면을 가지고 갈까 ,10
방법: 재차의,너무재밌게봤어요!!!! ,10
내일의 기억,"논란을 떠나서 서예지 연기력이 좋긴 하네, 다른 영화에 비해 조연들 비중은 적고 김강우 서예지 둘이서 끌고가는 영환데 둘다 워낙 연기력이 좋아서 연기로는 빈틈이 없다 스토리는 기억이 돌아오는 과정과 기억의 조각들에 대한 현실성이 조금 미약하다연기만 보면 10점인 영화 ",8
해운대,ㅂㅅ들은 2009년 영화여 이때 까지만 해도 우리나라 재난영화? ㅋㅋㅋ  뭘알아야지 ㅂㅅ들이 알고까라 이정도면 엄청난 영화를찍은거야 2021년 다시봐도 많이 촌스럽지 않는데 뭘 얼마나 더해야되니? 영화에 영 짜도 모르는 ㅂㅅ들 마블영화나 쳐보고 웃으세요 연기력 잘못된것도 알고 시간질질 끈거 그건 ㅇㅈ 하는데 영화가 ㅂㅅ이였다는건 아니지 ,10
더 수어사이드 스쿼드,진짜 재밌어요!!!! 예고편은 그저그랬는데 영화는 너무너무너무 재밌어요 ,10
블러드 레드 스카이,심장 쫄깃 엄청 재밌게 보았습니다 ,10
워크 투 리멤버,"풋풋한 모습으로만 흐뭇하게 보다가, 진실된 깊은 사랑임을 알고나니 눈물이 ㅠ... ",10
더 수어사이드 스쿼드,내 근래 본 영화중에서 쵝오다 ㅋㅋ  클리셰 아예없고 예상을 뛰어넘네 ,10
더 수어사이드 스쿼드,우와 존시나네 유캔시미!할리가 역시 매력적이야 ,10
클로버필드 패러독스,악평이라 재미없을줄 알았는데 생각보다 재밌다 ,10
더 콘서트,코믹한 스토린 줄 알고 방심하고 있다가 콘서트 장면부터 끝날때까지 눈물이… 마에스트로~오해해서 미안해요 ㅎ ,10
인신매매,반드시 디지털 리마스터링으로 복원되야 하는 영화 ,10
더 수어사이드 스쿼드,애브너는 왜 죽인거야 도데체 애브너 죽여서 별 반개 뺌최근 마블보다 훨씬 좋음 ,10
아저씨,"진짜 스토리도 연기도 몇번을 봐도 완벽해서 감독이 도대체 누구인가 얼마나 대단한 사람인지 찾아보니 그후로 영화 집으로 가는길, 우는 남자 ,악질경찰 찍었는데 내가 모르는 영화고 평점이 별로다 그냥  원빈이 대단한건가.. ",10
랑종,그냥 한마디로 정리할게요.이 영화 볼 바에 치킨 드세요 ,1
82년생 김지영,82kg김지영 ,1
황해,마지막 허무한 죽음. 그 불쾌감이 9점으로 이끌었네 ,9
블라인드 사이드,너무나 감동적이고 교훈적인 영화입니다. 강추! ,10
모가디슈,코로나때문에 요즘 영화관 하는지도 몰랐는데 우연히 보게되었어요 진짜 존잼.. 돈이 안아까워!!! ,10
모가디슈,"뭐같은 콩글리쉬, 반군에게 들킬 뻔한 북한을 살려둔 점, 억지로 감동 포인트를 연출 해내려고 함,두 눈 뜨고 보기 아까운 주인공 버프, 블랙 위도우도 평이 안좋은 판에 이렇게 국뽕에 치솟은 영화가 있다니개돼지들 성을 알겠다 ",1
모가디슈,진짜 꿀잼. 꼭 보세요. 조인성은 못참지 ,10
모가디슈,아 생각보다 엄청 스릴 있네요~~스릴 있어요~~아 긴장되고 똥줄이 타서 죽는줄... ,10
우리들,나도 너도 우리도 이 영화의 한 역할이었던 때가 있었던 거 같다. 분명 '슬프다'고 정의내릴 수 있는 장면은 명확하게 없는데 잔잔하게 마음을 울린다. 나도 모르게 내 어린 시절이 떠올라 눈물이 났다. ,10
감쪽같은 그녀,계속 울었습니다 지치고 힘들어 울고 싶으신분들에게 정말추천합니다 ,10
블랙 위도우,마블 시리즈 중 최고의 영화 ,10
크루엘라,기대이상의 수작. 유쾌하고 새로운 악당 탄생. 2시간동안 매우 즐거웠음. ,10
모가디슈,하 진짜 돈아깝네요 그나마배우때문에보는영화인듯 ,1
아메리칸 갱스터,최고다. 덴젤워싱턴 러셀크로우 ,10
모가디슈,군더더기 없이 깔끔한 스토리와 연기 아주 좋았습니다!! 정말 오랜만에 극장 나들이였는데 너무 즐거움 관람하고 왔어요~!! ,10
뻔뻔한 딕 & 제인,짐캐리 때문에 봤어요 연기며 스토리까지 생각보다 더 재밌어서 계속 웃으며 봤습니다 ,10
야쿠자와 가족,기대를 벗어난 뻔한 결말과 과장섞인 주인공의 몰락서사가 무척 아쉽지만 배우들의 열연에 8점 ,8
오아시스,평가할수없는 영화 이창동의 빛의잔치 ,10
봄날은 간다,20년만에 다시 봐도 좋은 영화 ,10
더 수어사이드 스쿼드,데드풀 정도가 적당한거 같어 이건 좀 과해 ㅋㅋ 감독 뇌구조가 궁금하다 ,8
콘택트,"'우주에 생명체가 우리뿐이라면 그것은 엄청난 공간낭비다"" 이 대사 하나만으로 내게 외계인이 있다고 확신시켜준 영화 ",10
극장판 도라에몽: 진구의 신공룡,펭수도 이렇게 됐으면 좋겠다 ,10
언더 워터,이건 뭐. 간만에 보는 제대로 된 샤크 스릴러네요! ,10
은행털이와 아빠와 나 2,은행털이와 아빠와 나 2가 왜 1보다 먼저 나왔지? ㅡㅡㅋ1: 1986년2: 1983년 ,8
인시디어스 3,와 너무 재밌게 봄요 굿굿 ,10
비긴 어게인,"배우들의 살아있는 표정은 날 영화속으로 잡아당겼고, ost들은 내가 주인공들과 함께 춤을 추게 만들었다. ",10
그루피: 사생팬,1등 ... 부자되게해주세요^^ ,10
먼 훗날 우리,중국...이 세상에서 제일 싫은 나라 당당1순위다... ,1
모가디슈,이국적인 배경덕에 꽉 찬 영화가 되었네요. 별이빼곡한 밤하늘까지 현지올로케 값 합니다. ,10
방법: 재차의,드라마보다 볼만했어요% 지루하지 않고요 ,10
호스트: 접속금지,요즘같은시국에 맞는 공포영화를 만드신것 같은데 그렇게 막 무섭진 않았고 재밌지도 않은것 같아요. 6점을 준 이유는 그래도 완전 노잼까지는 아니었다라는 겁니다. ,6
콘스탄틴,레이첼 바이스… 최고의 배우. ,10
블러드 킬,뚱보가 된 시걸은 눈뜨고 볼수가 없다 ,1
비열한 거리,"조인성님 정말 대단하네요병두ㅠ ,,, 연기안같아요짱^^ ",10
황해,그냥 계속 보게 되네요 ㅋㅋ ,10
더 수어사이드 스쿼드,"만화는 안봐서 할리퀸 빼고는 다 모르는 캐릭터들이었는데도 캐릭터 하나하나 개성있고 재밌음. 액션 연출도 만족, 데드풀 비슷한 유머코드 같아요. ",8
오만,"가볍게 봤다가 연기랑 연출에 입덕~~ 지일주 배우님, 감독님, 다시 보게 되었습니다. 앞으로도 계속 좋은 영화 만들어주시길~ ",10
너와 파도를 탈 수 있다면,우연히 보게 되었는데 처음부터 초 집중.... 진짜 괜찮음 ,10
스파이,전형적인 한국 코미디.. 웃으면서 봤다. 스토리가 좀 많이 허술하다. 진주인공은 다니엘 헤니인 듯. ,7
괴기맨숀,스토리가 없는 공포는 아니올시다... ,3
꽃다발 같은 사랑을 했다,그냥 자연스럽고 이쁜 청춘 연애 이야기 ,9
더 수어사이드 스쿼드,왠맘한 마블영화보다 10배 잼 잇음 ,10
황해,세번째 봄영화는 이래여야만 하는것 ,10
아미 오브 더 데드,이 영화가 이렇게 점수가 낮다고?한국영화계 참 한심하다. 한국영화 보게 하려고 알바 동원해서 미국 영화 평점 깎아내리는 짓이나 하고 부끄러운 줄 알아라. ,10
해가 서쪽에서 뜬다면,다시 봐도...임창정의 천진난만 순진하고 착한 감정선이 와닿아서...풋풋한 그 시절로 돌아가는 듯....고소영 미모.. 옛날도 지금도 여전하네... ,10
건축학개론,이걸 왜 이제야 봤지.. 최고의 영화입니다. 여운이 남네요 ,10
워크래프트: 전쟁의 서막,몇번을 봐도 재밌는데.. 왜 2편이 안나오지.. 너무 아쉽다.. ,10
루카,처음 시작부분은  좀 별로였는데 은근히 감동적이고 인간과 서로 융화되는 끝부분이 뭉클했어요. 역시 편견없이 서로를 바라봐야 할 것 같아요. ,9
모가디슈,"정말 재밌게 잘 봤습니다 후반부터 심하게 울고 마지막에 거의 오열해서 ㅠ 끝나고 자막 다 올라갈때까지도 못나갔어요,, 극장에서 나 혼자 운 것 같고 쩜 민망하네요,, 아무튼 5점 만점 드립니댜 ㅠㅠ ",10
모가디슈,"조인성,김윤석팬이지만 감독이 싫음..군함도에서 너무 실망..그뒤. 믿고거르는 감독임 ",2
클릭,정말 감동적인 영화입니다....ㅠㅠ정말 주어진 지금 순간순간을 소중하고 감사하게 주위사람들을 사랑하면서 살아가겠습니다! ,10
블러드 레드 스카이,재밌았는데.. 좀비영화인데 신박했음 ,10
갈매기,왜 대상 받았는지 알것 같아요 연기부터 연출까지 정말 완벽합니다... 이게 영화죠 독립영화라ㅜㅜ 더 많은 상영관을 갖지 못한것이 아쉽기만 하네요 ,10
더 수어사이드 스쿼드,역시 제임스건 ,8
모가디슈,간만에 몰입도 높은 한국 영화를 봤어요정말 재밌었어요 ,10
더 플랫폼,많은 생각을 들게해준 영화였습니다 특히 나이든 남자 배우님의 연기가 독보이는 작품이었습니다 ,10
더 수어사이드 스쿼드,"살면서 영화리뷰 처음써봄.. 개인적으로 오락영화 개념으로 재밋게 봤던 1편에서 할리퀸이 그냥 정신병자 또라이 ㅆㄴ이었다면 2편에 와서 할리퀸이 왜 '퀸'인가 보여주는 좋은 연출이 있었다 생각함 할리퀸의 카리스마 액션 병맛 다 잘 표현해 낸거같음데드풀 느낌의 블랙코미디를 연출하려는 시도가 계속 보이는데 나는 만족함 같이 본 관객들도 다 긍정적으로 웃었고 재밋다고 평가하면서 나감애초에 수어사이드스쿼드라는 영화는 병맛 오락영화로 즐기는 용도이지 스토리(개똥), 연기력 신파 감동 같은거 기대하면 노잼일듯... 그리고 1편에 비해 많이 잔인하고 폭력성이 높음 잔인한거 싫으시면 비추 ",10
판도라,영화평론가들은 다 대깨문수준이지?? ,10
스파이더맨,거미인간이라는 히어로의 탄생을 알리는 마블의 역작. 단 한 순간도 지루할 틈이 없이 아주 짜임새있게 전개됨. 실사와 CG가 적절한 비율로 적절하게 결합하여 리얼리티가 살아 있음. 각종 재난상황에서의 스파이더맨의 활약이 감동까지 줌. ,10
엘리자베스타운,배우들 연기는 좋으나 미국식 오글거림의 극치;; ,6
모가디슈,류승완 감독이 한국판 아르고를 만들 줄이야.. ,8
모가디슈,조인성씨 연기 너무 좋았어요 ,10
올드 가드,좀 지루한가? 싶더니 점점 몰입하다가 2를 기다리게 됨. 시즌제 미드였음 완전 몰입해서 봤을 것 같음. ,10
이장과 군수,평범하지 않지만 평범해서 더 좋은 결말 ,10
블러드 레드 스카이,애새0 때문에 망한 영화 처음부터 끝까지 발암 캐 ,1
더 수어사이드 스쿼드,데드풀을 뛰어넘는 병맛 히어로물!!!뭐 하나 모자란게 없는 올해 최고의 오락물 특이 샤크 골때림 ㅋ ,9
모가디슈,심장쫄깃하게 너무 재밌게 잘 봤어요 ㅠㅠ 끝에서 너무 슬펐고 가슴이 먹먹 ㅠㅠ 감독님 그리고 배우님들 멋진영화 너무 감사합니다!! ,10
다만 악에서 구하소서 파이널컷,오랜만에  시간 가는줄모르고 봤네요^^  너무재밌게 봤습니다 ,10
블루 재스민,그녀의 경험은 인생에 가장큰 충격이였을 것이다.  과거를 잊을수는 있어도 남겨진 것은 타인에의해 발견된다 ,10
모가디슈,몰입감민족의 현위치스토리와 감동 모두 좋음 ,10
해어화,내내 소율에 이입하면서 볼 수 밖에 없었고 끝나고 보니 눈물 콧물 다 빼고 있었다… 인생영화중 하나가 될 거 같지만 감정적인 여유가 있을 때 큰 마음을 먹고나서야 돌려볼 것 같다. 그만큼 무게감있는 영화였다. ,9
시리어스 맨,"알 수 없는 인생, 답을 찾으려 하지말란 듯 하지만 더욱 많은 물음표를 남기게 하는 영화. ",8
모가디슈,시간가는줄 모르고봤네요. 실제상황같은 세트와 현장감. ,8
모가디슈,근래 한국영화중에 가장 재밌게 봤어요 정만식배우님 응원해요 ,10
경성학교: 사라진 소녀들,진짜 최악….사라진 소녀들이 아니라 사라진 시간임 너무 시간 아깝다 이게 도대체 뭐임 ,1
모가디슈,군더더기 없이 시간 순삭 잼있어요 ,10
담보,진짜 겁나 슬퍼여... 예고편만 보고 좌충우돌 코믹물인 줄 알고 봤다가 눈물 쏙 빼고 남친한테 놀림만 받았네여... 지는 울 타이밍에 폰 하면서 딴 짓 했으면서ㅡㅡ 암튼 티빙에 있으니 꼭 한 번 보세요... 정말 너무 많이 울었어요ㅜ 성동일 아저씨랑 애기 연기가 진짜....ㅜㅠㅠㅠ ,10
성난황소,작위적이고 개연성이 부족한 연출. 좋은 배우들이 열연했지만 A급 오락 영화로는 부족하다. ,7
콜래트럴,너무 저평가된 액션 영화. ,10
루카,"재미와 감동을 다 잡은 작품!! 청량감 넘치는 화면 연출에, 스토리도 맘에 들고, 캐릭터들도 너무 귀엽고 사랑스러워요. 애니메이션 좋아해서 종종 보는데, 개인적으로 Top5 안에 듭니다. 역시 디즈니,픽사 영화는 역시 믿고 봅니다!! ",10
미드나이트,고구마 몇억개 먹고 체함 절대 보지마시오 절대 ,2
터널,한국 재난 영화 중 볼만한 영화. ,9
무언의 목격자,답답하면서 극도의 긴장감이 감돈다 ,9
올드 가드,너무 재밌다 2 기대됨 ㄹㅇ ,10
살인자의 기억법,재밌어요 적절한 코믹요소도 있고 연기력도 좋음 ,10
여고괴담 여섯번째 이야기 : 모교,vod로 나와서 돈주고 봤는데 돈이 너무너무아까워서 분노가 차올라서 잠을 못잤음...ㅋㅋㅋ그정도임 진짜 돈줘도 보지마세요. 시간아까움. 정신산만하고 어수선하고 하나도 안무서운 영화 졸작중의 졸작이다 진짜 발로 편집했나봄. 진짜 개구림 ,1
모가디슈,누구랑 보던 실패없는 영화. 너무 재밌게 봤습니다! 극장에서 보시는걸 추천해요 ㅜㅜ! ,10
순수의 시대,신하균 연기에 너무 감동 ,10
국제시장,걍 신파 그이상 그이하도 아닌 ,6
원스 어폰 어 타임... 인 할리우드,왜 제목이 원스 어폰 어 타임 인 할리우드 인지 알겠다... 마지막까지 맘 조리게 해놓고선 이이이이잉? ,7
발신제한,각본이 미흡했음 배우연기는 보통 ,6
감시자들,평점이 왜. 지금봐도 최고인데.감시자들 2 나오나요 ,10
더 수어사이드 스쿼드,할리퀸 최고..오늘도 세상을 구한 퀸 ,10
카메라를 멈추면 안 돼!,스토리 좋고 감동도 있고 ,10
빌리 엘리어트,인생의 수많은 딜레마는 사실 돌아보면 정말 별것도 아닌 나의 자존심 때문에 야기됐다. ,7
방법: 재차의,반기업 권해요가 나오는 좌파영화 ,2
CCTV,여조연들 연기 어쩔거야. ,4
극장판 도라에몽: 진구의 신공룡,도라에몽은 미키마우스 라이벌이지...한국이 자랑하는 캐릭터는?뽀로로?펭수? ,10
라라랜드,달콤씁쓸한 커피를 마시며 카페에서 이별한다면 이 느낌? ,8
블랙핑크 더 무비,블랙핑크 공연에 온 듯한 현실감 대박 단 1도 지루할 틈이 없었네요 또 보러갈래요! ,10
모가디슈,진짜 간만에 작품하나보고감 역시 류승완 ,10
발신제한,더테러라이브 범인 탈옥함?ㅋㅋㅋ그냥저냥볼만함 ,6
모가디슈,구교환 배우 인상 깊었습니다 강추!! ,10
버닝,감독 연출 연기 다 최고의 작품임정말 가득 담아서 보여줬으나 선택해서 받아들이면 되는 영화 ,9
돌멩이,감독이 착한병에 걸려서 출연자 전부 나쁜놈으로 만들었어요. 고구마 한 100개 먹은듯. ,2
브이 포 벤데타,상식과 상징에 관한 이야기. 상식은 보편에 있고 상징은 신성불가침이다. 그리고 이 둘은 다르지않다. 민주주의는 보통사람들의 자유로 상징되며 그 의미의 표상으로부터 진정한 민주주의가 시작된다. 상식의 수호는 누군가 위대한 사람의 고귀한 행위로부터 시작되는게 아니다. 조작된 이념적 헤게모니로부터 부조리를 인식하고 배경앞으로 나와서 행동할 때 변화는 시작된다. 한 번 밖에 안봤지만 왜 지금 이탈리아에서 백신 인증서를 거부하고있는지 알 것 같다는 생각을 하게된다. 또 봐야지 ,10
가구야공주 이야기,부드러운 일본스런 이야기~ ,8
조 블랙의 사랑,브래드피트는 너무 잘생겼다. 홉킨스는 정말 멋있다. ,9
그린 나이트,"눈에 보이는 의미 보다 뭔가 더 있는 것 같다. 자연에 대한, 자유의지와 결정론이 언뜻 보이기도 하고 의미와 무의미, 기독교적 관점 그리고 심지어 윤회 같은 것이 보이기도 한다. 참 여러 생각을 하게 만드는 영화 였다. ",9
반도,이게 뭔지 싶다좀비조연의 매드맥스를 꿈꾸고 만들었고부산행의 기대감으로 흥행에 도움을 받으려했으나 퀄리티는 나락행그저 멋지고 싶은연기 2010년대 초반에 출시된 레이싱 게임 인트로와같은 조잡한 cg억지 신파어디서 본듯한 줄거리 뻔한 한국영화이상한 조합그나마 나은건 악역의 연기로 캐리될뻔했으나 이미 기대를 심어놨던 부산행 2 의 이미지와는 전혀맞지않은 모든게 다 발목을 잡은 총체적난국 ,1
모가디슈,"신파없고, 액션 좋고, 연출 좋고깔끔 그 자체 꼭 보세요 ",10
모가디슈,2시간 순삭입니다. 실화를 바탕으로 한 영화라 더 실감이 나네요. ,10
언컷 젬스,정신없어서 얼빠진 채 봤는데 수작 ,9
아이스 로드,아이들과 몰입도있게 잘보았습니다.동생(거티)을 제발 살려주세요!왜 제일 고생한 거티를 죽이냐고요!!울애들이 엉엉울었어요.죽었다고!!!잼나게 보았습니다 ,10
날씨의 아이,영화결말을 보자마자 주인공들의 감정보다는 피해로 인한 경제적손실을 먼저 추산하고 있는 나를 보았다.... ,9
붉은 거북,자연은 인간의 산물이지만 동시에 재난이 되기도 한다.그의 의지에 따라 자연은 그를 좋아했다고 말할 수 있다.. ,7
트라이앵글,아 진짜 답답하다가 답답하게 끝나는 영화 ㅋㅋ ,1
쓰리 데이즈,"치밀하지도 힘이 세지도 않다. 그럼에도, 그래서 더 몰입 된다. ",8
극한직업,고급식당은 아니지만 깔끔하게 맛있는 프랜차이즈 치킨느낌 ,8
목소리의 형태,"명확한 해결책은 없다. 하지만 그 모든 당연해질 수밖에 없었던 사건들이 서로 맞물릴 때, 그게 눈으로 보여 질 때야 그 일련의 과정들로 서로를 이해할 수 있었다. ",7
7번방의 선물,진짜 지...아지짜.... ,10
모가디슈,모든 배우님들 나무랄데 없는 연기에 박수를!!연출 스토리 연기 감동 잔인하지 않아 더 좋았다돈이 아깝지 않은 영화 ,8
크루엘라,엠마스톤 예뻐요!!! ,10
더 수어사이드 스쿼드,너무 어설프고 유치함… 피식하면서 봤다는 평이 있던데 전혀… 몇 년만에 보다가 졸았을 정도.. 시간 아까웠음 ,6
국가대표2,다시봐도 눈물지뢰임 수애연기좋음 ,10
그린 북,대립과 공존. 잔잔한 감동 속 흐르는 피아노 선율이 매력있네요. 추천합니다. ,10
더 그레이트 샤크,어마어마하다 진짜하.. ,1
모가디슈,류승완이 류승완했다. 안 볼 이유가 없음. ,10
모가디슈,ㅈ노잼 거릅니다ㅡ 111ㅡ ,1
방법: 재차의,모가디슈 따위가 1위 관객 많이 든다는게 이해가 안간다. 모가디슈 따위보단 훨 낫다. 드라마 원작?이라서 진입장벽이 있고 그거때문에 호불호 갈리고 관객수도 적은거 같던데 드라마 뭔지도 모르고 노관심인 1인이 관람했지만 상관없다 볼만하다 레알 모다디슈 따위보단 훨 나음. 다만 여자애 등장해서 퇴마?하는 순간부터 뭔가 연출이 영화스럽지 않고 티비서 많이 틀어주는 드라마들 연출같다고나 할까? 영화스러운 스케일이 아닌 티비드라마 스러운 좀 허접때기 같은? 막판에 끝판왕? 등장하고 나오는  cg연출도 그렇고. cg가 얼마나 실감가고 잘되고 어색하지 않고 그걸 떠나서 연출 자체가 영화스럽지 않고 허접때기 스러움. 그것도 그렇고 누군가 말대로 다소 유치스럽고 판타지스럽다는것도 맞음 결말이 좀 그럼. 그래도 뭐 큰 기대없이 정말 볼거 없어서 심심해서 각오?하고 봤는데 모가디슈 따위보단 훨 재밌고 생각보다 볼만했음. 수습기자? 어색한 연기가 반전이었는데 분장이 그래서 그런지 동남아 스러운거 같기도 한데 찾아보니 한국 연기자? ㅎ 그리고 오윤아 많이 늙었는데 연기 잘하는거 같음 굿~ 김인권은 특유의 오바스러움 튀는것 없이 자연스러운건 좋은데 비중이 너무 없어서 아쉽 ,6
덩케르크,스크린에서 연기에서 영상에서 ost에서 실화에서 ..그냥 밀려오는 잔잔한 감동 ,10
디스트릭트 9,최고의 외계인영화다. ,10
인턴,참 좋은 사람 벤~ 저런 멘토를 만나는것도 행복 ㅎㅎ ,8
7광구,다보고 주식 하한가 맞은 기분 들었다 ,1
캐시트럭,너무좋아 이런영화 너무 굿 ,10
랑종,"생각외로 내용이 허접하다고 느낌무슨 좀비물도 아니고, 전개도 별로고특히 카메라 무빙 때문에진심  여자친군 토하고 오고 나는 멀미나고 어지럽고 제대로 보지도 못하고돈 내고 멀미 사고옴 ,화남 돈아까움제발 이 평점을 보고 영화보러 가는걸 다시 한번 생각하세요 기미테를 사고 가던지 , 후.... ",2
더 수어사이드 스쿼드,전편보다 더 재미없는게 가능할까 싶은데 가능 ,1
더 수어사이드 스쿼드,사람의 응꼬는 헤어스타피쉬다 ,6
모가디슈,"JSA의 벽은 높고, 통일은 멀다. ",4
감시자들,재미있게 봤어요. 굿~~ ,10
엑스 마키나,너드 주인공때매 걸출한 인재인 회장만 죽음....AI년이 궁극의 악임....내가 40평생 수많은 영화를 보면서 실제로 스크린에 들어가서 죽여버리고 싶다는 생각을 들게 만든게 바로 이 영화 악역인 AI년임ㅋㅋ 진심 100년 영화 역사의 최고의 악역이 바로 이 영화 AI년일꺼다 ㅋㅋㅋ 멘탈 약한분들 보지 마셈 ㅋㅋㅋ ,1
과속스캔들, 재밌게 봤습니다^^별10개 ,10
원스 어폰 어 타임... 인 할리우드,타란티노 특유의 색깔은 좋다만 끝맛이 좀...영상은 예쁜데 허무하다. 취향차이 ,4
악마는 프라다를 입는다,사회 초년생이 꼭 봐야할 영화 ,10
암살,일제에 맞서싸운 독립군이야기 하지만 우리민족을 학살한 인민군의 최전선에는 김원봉이 있었다 ,10
실버 스케이트,흥미진진하고 러시아특유의 계절 의상 재현이 잘된거같아요 ,10
극장판 귀멸의 칼날: 무한열차편,과하다...내겐 2기로 넘어가기 위한 연결고리정도 ,6
더 수어사이드 스쿼드,냠냠밖에기억안남 ㅋㅋ ,10
모가디슈,진짜 총소리 대박액션 짱임 재미도 있구 굿굿 ,10
분노의 질주: 더 얼티메이트,장르를 SF다 라고 생각하고 보면 마음편히 즐길 수 있음 ,10
더 수어사이드 스쿼드,난이영화 너무좋음 갠적으로 지금같을때 웃으면서 보기좋고 영상미 좋고 연기는 잘하고 dc는 성인용 코믹영화 너무잘만듬 개인적으로 너무내스타일임 너무좋음 이게 dc의 매력인듯 내스타일이엿음 할리퀸 너무조음 ㅋㅋㅋㅋ 근데 킹샤크 까지 매력미 뿜뿜 그리고 호불호 갈리는 영화지만 싫으면 싫다고 솔직하게 평론하는건 좋은데 욕은 하지말았으면 해요 좋아서 보는사람들은 뭐가됩니까 욕하면 ,10
더 수어사이드 스쿼드,왜이리 유쾌한척하지 노잼임 그냥 할리퀸 총쏠때 꽃 나오는 것도 어디서 본 장면 같고 ,3
이별의 아침에 약속의 꽃을 장식하자,슬픈데... 너무 슬픈데... 너무 재밌고.. 마지막에 ost 쩔고.. 다 쩔어 ,10
더 수어사이드 스쿼드,제임스건 특유의 쌈마이식 연출은 그나마 볼만했는데 캐릭터들이 너무 메리트없음... 할리퀸마저 전보다 되려 매력없게 나옴. 제임스건도 못 살린거면 자살특공대는 이제 그만 놔줘라 dc것들아 ,2
이터널 선샤인,온전히 나를..그리고 상대방을 봐줄수는 없었을까..서로 지치게 만드는것도 사랑일까..그럼에도 불구하고..너와 함께하고 싶다 ,8
너와 파도를 탈 수 있다면,넘 아름답고 행복하고 슬펐던 그리고 넘 제 취향의 영화였어요 ,10
블랙 위도우,너무 재밌었어요 :) 근데 앞에 마블 영화 안봐서 왜 블랙위도우가 히어로인 줄은 모르겠지만 그래도 너무 재밌었어요 ,9
악인전,호쾌한 액션신이 눈을 즐겁게 하네요 ,10
더 라스트 머시너리,아들을 꼭 구해야 하나… 아오… 액션만 보고 싶었다 ,6
더 수어사이드 스쿼드,킬링타임용으로 봐줄만함이런 영화에 감동 스토리를 논하는거 자체가 모순아닐까?? ,10
맨츄리안 켄디데이트,마지막이 저게 뭐람영 별로임 ,4
블랙 위도우,볼거리도 풍부하고 스토리도 나름 괜찮았어요. 마블 잼. ,10
극장판 도라에몽: 진구의 신공룡,마지막장면에 큐가 나는모습을 보고 울커:(그리고 진짜 포인트는 진구가 마지막장면에서 철봉매달리기를 성공한것이다:)큐랑뮤 좋은 친구만나서 행복했음 좋겠다:) ,10
은혼 더 파이널,내 인생 최고의 애니 은혼 너와 함께 나이를 먹었고 너와 함께 인생을 걸어가 나는 성인이 되어 직장을 자리잡았다. 비록 너는 끝일지언정 나는 나의 길이 또 있다. 함께해서 고마웠고 또 잊지 않을것이다. ,10
너의 췌장을 먹고 싶어,재밌습니다 스토리도 정말 좋아요 ,10
모가디슈,두시간 동안 한시도 눈을 뗄 수 없었다... ,9
남매의 여름밤,인생영화.. 나중에 또 봐야지 ,10
더 이퀄라이저,통쾌하고 절제된 액션. ,10
쓰리 데이즈,1시간 정도만 참으면 뒤에 나와요. 탈옥범 쫓을 힘을 범죄수사에 썼으면… ,8
라라랜드,몇번을봐도 최고에요 ㅜㅜ ,10
연평해전,감동적이고 너무 슬픕니다ㅠㅠ... 군인분들 존경합니다 ,10
모가디슈,잘만들어진 영화같아요. 코로나시대임에도 많이들 보실듯요~~~ ,10
보스 베이비 2,다른 영화들에 비해 2인데도 재밌었어요 옛날 생각도 나고 ,10
그린 나이트,"가웨인'경'과 녹색의 '기사' 간 물리적, 심리적, 기사도적 간극을 좁혀가는 지난한 여정. 어렵지만 한번은 다시 풀어보고 싶은 문제작 ",8
콜 오브 와일드,벅 같은  개 키우고싶다.. ,8
보스 베이비 2,1편보다 훨씬 재미있게 봤어요~~! ,9
고질라 VS. 콩,극장에서 봤다면 더 멋있었을 듯. 화려함 그 자체. ,10
긴급 명령,말이 필요없음. 무조건 봐야함^^ ,10
정글 크루즈,생일이라 이거 봤는데 내용도 되게 재밌었구 개그도 좀 들어가서 웃겼던 것 같아요! 효과음이나 브금이 딱 디즈니 특유라 더 좋았어요 ,10
모가디슈,잼있어요올만에잘뵛습니다 ,10
아이리시맨,남자들의 세계에서 살아남은 한 남자의 덧없는 삶. ,5
건축학개론,9년이나 지났는데도 아직도 여운이 남아서 찾아보게된다. ,10
해가 서쪽에서 뜬다면,"의경으로 입대한 시기에 개봉한, 초반에 의경으로 복무중인 주인공이 나와서 더욱 기억에 남았던 영화 - 어른들을 위한 동화. 한국판 노팅힐 이라고 당시에 얘기했던 것이 기억에 납니다. ",10
모가디슈,오랜만에 신파아닌 한국영화 ,8
모가디슈,역시 류승완!근래 본 영화중 최고 ,10
정글 크루즈,액션도 좋고 코믹도 기대이상입니다 ㅎ ,9
모가디슈,근래 본 영화 중에서 가장 흥미진진했습니다! ,10
천녀유혼,왕조현이 너무 예뻤던….?? ,10
바람의 검심 : 전설의 최후편,마지막  사무라이들에게 경례 장면은 소름~~! ,10
모가디슈,오..마치모가디슈에들어와있는것처럼느껴졌고 몰입감스토리연기력최고!!!올만에정말재밌게잘봣네용액션신도최고 ^^ ,10
모가디슈,진짜 꼭봐라 개재밌다! ,10
유전,뭔가 끈적끈적한 불안함과 불쾌감이 느껴지는 영화.. 몰입감 있었습니다 ,9
모가디슈,정말 오랜만에 돈내고 영화 보고 기분 좋았어요 아이들과 보아도 역사적인 사실이라 좋았고 현장감이 생생해서 보는동안 김장감도 좋았고 곳곳에 감초같은 코믹요소도 자연스럽게 녹아들어 막지막까지 만족감 높은 영화 였습니다 이런 좋은영화 만들어 주셔서 감사합니다 ,10
정글 크루즈,이런 영화는 일년에 하나씩 나와줘야 한다 ,7
랑종,아쉬운점은 있긴하지만. 그냥저냥 볼만했어요 ,6
아쿠아맨,와우 굳 영상미 ,10
랑종,"개인적으로 난 재밌었다,, 평점 낮아서 아쉬운데 어떤 부분에서 기괴함을 나타내고 보는 사람에게 얼마나 찝찝하고 서늘한 기운을 주려고 하는지 알 것 같았다 그리고 그 기운이 낯설어서 자칫 잘못하면 기분만 나쁠 수 있는데 나름 뭐 볼만했다 지금까지 본 공포영화 중에 이건 찐이구나 싶었다 ㅎㅅㅎ 진짜 완전 집중해서 보면 개쩜 ",10
더 수어사이드 스쿼드,"똘끼는 데드풀 이상, 재미도 데드풀 이상, 수위는 데드풀의 이십배,제임스 건이라는 감독이 얼마나 똘끼 넘치는 천재인지 잊고 있었다 ㅋㅋ ",10
블랙 위도우,마블 아니었으면 5점이나 받았을까 싶은영화 ,1
블러드 레드 스카이,이 영화는 부모인 사람과 그렇지않은 사람들이 봤을때 느끼는바가 많이 다를꺼같아요 아이들이 있는 저로서는 중간에 자식임을 잊지않고 엄마찾는 아들을 어떻게든 떼어내려고 하고 절규하는 엄마흡혈귀 모습이  찡했습니다 ,8
승리호,볼만함 스토리는아쉽 아아 ,10
모가디슈,간만에 괜찮은영화 추천이용 ,10
"불량소녀, 너를 응원해!",최고입니다 정말.. 보는 내내 눈물 흘리면서 봤네요 슬럼프에 빠졌었는데 이제 공부하러 가겠습니다 파이팅 ,10
더 수어사이드 스쿼드,"유쾌한척하는 토나오는 영화.캐릭터가 전부인데 그마저도 안팔릴 캐릭터는 모두 죽이고 셀링 요소가 있는 캐릭터만 데리고 간다.스토리는 기대도 안했지만, 심해도 너무 심하다. 개연성없이 너도나도 끔살당하니 영화가 끝난다. 엔딩크레딧 나올때 이렇게 끝이야? 소리가 절로 나오네. 자극적인 씬이 너무 많으니 클라이막스랄게 없고. 특히 후반부는 진짜.. 하하하… 기대 많이하고 봤는데 킬링타임도 아닌 영화. 졸린거 참고봤고 실제로 일행은 졸았다; 극찬하는사람들 진짜 누군지 궁금. ",2
콜보이,남주 잘 생겨서 볼만했음 ,10
괴기맨숀,정말 진지하게 공포영화 정말 좋아하는 사람으로써 이영화는 돈주고 보지마세요 ^^그럼이만 ,4
노팅 힐,오늘에서야 이름만 듣던 명작 영화를 보게되네요. 감동입니다. ,10
디파티드,엄청난 명작입니다. 최고의 작품 ,10
모가디슈,너무 재밌게 봤어요!!! 실화 바탕이라 더 감동이 있는거 같아용!다들 연기도 너무 잘해서 진짜 재밌었어요추천합니당구교환님 너무 멋있어요ㅠㅠ ,10
26년,역사를 기억합시다.. ,10
정도,중국 무협지 핸리 주인공 강추 ,10
워크 투 리멤버,이런 것이 사랑이라면 나도 해보고 싶다고 처음으로 생각하게 해준 인생영화. 슬프지만 너무 아름답고 찬란한 이야기 ,10
더 룸,여운이남는 영화 꼭 보세요.. ,10
변신,비록 오컬트라는 장르 영화 특성상 예측 가능한 클리셰 범벅이긴 했으나 가족 내에서 일어난다는 소재도 신선했고 배우들 연기도 너무 좋았고 초반 연출과 스토리도 너무 좋았는데 앞에 뿌려놓은 여러 대형 떡밥들을 거두지 못 하거나 활용을 잘 못 해서 아쉬웠습니다. 후반부를 조금만 더 잘 다듬었으면 정말 괜찮은 영화였을 거 같습니다. ,7
"조제, 호랑이 그리고 물고기들",이별이라는 술을 거하게 마시고 난 다음날 숙취같은 영화 ,10
엑시트,핵노잼 간만에 이렇게 재미 없는 영화는 오랫만 ,2
모가디슈,영화보다 더 영화같은 실화라니!!! 속초롯데시네마에서 봤어요.오랜만에 재미나게 시간가는 줄 모르고 봤네요. ,10
드럼라인,주인공보다는 그를 받아들여가는 다른 인물들을 응원하게 되던. ,6
오케이 마담,이 정도면 시청료를 받아야 ,2
더 수어사이드 스쿼드,상상하지마라 그냥 봐라 ,8
후 아 유,20대에 처음보고 30대를 거쳐 40대에 다시 보니 그때 그 멋과 감동이 느껴진다...어렴풋하던 그 시절의 감성이 다시 살아난 계기가 영화한편이라.. 아니 한편의 영화가 주는 확실한 힘을 느낀다. 다시또 시간이 흘러 보고픈 영화. 감사할 일이다. ,9
귀향,"어머니, 그 세글자의 울림 ",10
방법: 재차의,지금 2021년 맞나..오프닝 말고 볼게 없다.. 예산 부족이라고 하기엔 이 줄거리가 고퀄이면 예산 낭비 소리를 들었을 듯…90년대 중국(홍콩 아님) 영화 본 기분이다. ,1
모가디슈,너무나도 재밌게 봤습니다.무엇보다 연기들을 너무 훌륭하셔서 더 재밌게 보았습니다.감독님 촬영 너무 훌륭하고 감동도 크게 왔네요~~아침에 보고왔는데 아직까지 여운이 가시지않아  모가디슈를 계속 검색하네요~~코로나 아니면 천만영화가 될텐데 아쉽네요. ,10
더 수어사이드 스쿼드,기대한만큼은 아니지만 충분히 제임스건 이름값은 했다 전작보다 훨씬낫고 데드풀보다 더 폭력적이고 고어함에 놀랐다 dc영화치고 재밌는편 ,7
플로리다 프로젝트,이토록 처절한 영화를 아무렇지 않은듯 담담히 담아내는 감독의 잔인함 ,10
바람의 검심 최종장: 더 비기닝,기대보다 좋았어요^^ ,10
허리케인 하이스트,중간에 주인공 오줌싸는거 나옴 킹중 대박 ,10
블랙 위도우,동생이 나한텐 진짜 가족이었다고 할때 뭔가 울컥했고 마지막에 엄마가 나타샤한테 몸 조심하라는게 좀 감동을 받았다 ,10
모가디슈,재밌어요!!배우님들 연기 진짜 잘함.. ,10
더 수어사이드 스쿼드,"댓글 알바  천지네요 저는 재미없게 본 영화만 평점 다는데  살아있다 다음으로 드디어 평점다는 영화가 나왔네요. 이제 네이버 평점 못믿겠습니다. 19세라서 킹스맨, 데드풀 느낌 기대하고갔지만 개똥입니다. 마블과 dc의  격차가 엄청나다는걸 느끼게해주네요. 엉성한 개연성 너무 많아서 보다 지루할정도의 액션신,  뻔한 스토리. 만약 어쩔수없이 보시게된다면 마음 편히보세요 그리고  영화끝나고 아 단돈14000원으로 나중에 볼뻔했던 dc영화들 거를수있겠구나 하면서 만족하시면 됩니다. ",1
크루엘라,아이랑 봤는데 넘 재미있게 봤어요아이랑 보기에도 좋고 넘 재미있고  특히ost가 좋았어요  1번더 봐도 재미있게 볼수있을거 같아요 ,9
"당신, 거기 있어줄래요","애플,페북,아마존...아니면 삼성전자라도 사라고 클럽 다니면서 주지도 않을 상련들 동고좀 그만 빨고 다니라고....말해주고 싶다 ",10
더 수어사이드 스쿼드,그냥 부수고 자르고 터지고 모든 사이코짓을 볼수 있는 영화 재밌음 ,10
고고70,이영화를 이제야 보다니..특히 노래가 정말 좋다...정말 신나! ,10
CCTV,1점도 아깝습니다. 12년전에 만들걸 지금 개봉해서 와 처음에 흑백 화면만 나와서 느낌 싸했는데 와 만원 버렸네요. 12년전 영화로 해운대 김씨표류기 인걸 봤을때 이건 진짜 코로나 틈타서 끼워서 개봉한거 같은데 네이버영화에 재개봉이라고도 안뜨고 개봉이라 떠서 속았네요. 포스터만 봐도 곽도원이 큰 역활할 줄 알았는데 포스터로도 속이고 진짜 2021년 최고의 뒤통수네요. 관객들 불만을 야기시킬려 하는거면 100점 드립니다. 성공하셨네요. ,1
모가디슈,다들 연기를 너무 잘함 구교환 너무고생했겠다싶고..너무 몰입하며 봐서 그런가 집에 무사히 돌아갈수있는게 참 행복이구나 생각되고.. ,10
미드나잇 선,"여자주인공처럼 아픈 입장이 돼서 보니까 마음이.. 뭔가 말로 표현이 안 되는 감정이지만, 그래도 씩씩하게 잘 지내야겠당?건강하게, 행복하게, 예쁘게, 하고싶은 거 다~~~~하면서 오래오래 살자. 나 자신아.그리고 결론은 남주가 너무 멋있다...?♀? ",10
정글 크루즈,아이랑 봤는데 좀 지루하네요....조금 로맨스가 있어서 아이랑 볼때 조금 그랬어요... ,3
카,어렸을때 봤었는데 지금 봐도 너무 재밌네요 ,8
폴라,와씨 진짜 조오따 잼있다 ,10
나만 보이니,"저년 끈임없이 누가 밀어주는지 참,대한민국 3대 미스터리다 증말.. ",1
나쁜 남자,기분 ㄱ ㅈ 같아지는 영화 본인 이야기 만든 영화인줄 너무 사실적이여서 ,1
크루엘라,Ost도 좋고 연출 연기 스토리 영상미 그냥 다 좋았음시즌2나왔음 좋겠음 ,10
은혼 더 파이널,은혼은 역시 은혼.... ㅜㅠㅜㅠ 또 돌아올거지??ㅠㅠ ,9
더 수어사이드 스쿼드,어떤놈이 탑 뚱이 키웠냐 ,7
발신제한,신파 오진다; 구리고 뻔하고 재미없음; 음악은 거의 뭐 인터스텔라냐고; 음악이 좋은데 영화에 비해 과함 ,2
모가디슈,옷랜만에 가족들과 재미있는 영화 좋았습니다. ,10
블랙 위도우,스칼렛 요한슨 팬인데 정말 주연으로 블랙위도우 촬영해서 넘 기쁘고 재미있었어요!!?? 플로렌스 퓨 배우도 정말 연기 잘한거 같아요!!?? 보면 후회는 안 하실거에용!!꼭 보세요 ,10
더 수어사이드 스쿼드,미친ㅋㅋ마고로비는 매력적이고성인용 전대물과 좀비물을 섞어버린미친 기획이네ㅋㅋㅋ ,10
정글 크루즈,디즈니는 믿고보지만 너무 캐리비안해적같았음 ,1
더 수어사이드 스쿼드,간만에 보는 재밌는 영화 ,8
모가디슈,간만에 스릴 넘치는 영화 잘 봤습니다.실화인데도 루즈함 없이 봤어요. ,10
블랙 위도우,시즌 2도 나옴 조켓음무튼 더 조았음 ,10
더 수어사이드 스쿼드,한마디로 쓰레기에 보는 내내 시간이 아까웠음 ,4
블랙 위도우,마블 영화중 인생영화 굿즈안사는데 처음사봄 ,10
야쿠자와 가족,현재 일본깡패들의 현실을 그야말로현실적으로 보여주는 영화.전체적으로 재미있게 봤다. ,8
모가디슈,믿고보는 배우님들과 시간가는줄몰랐던 전개시국이이래서 영화관가기 꺼려지시겠지만마스크잘하시구 꼭 보시길바래요 ,10
행복한 라짜로,"네 덕분에, 네 때문에, 마음이 혼란스러워진다 라짜로 ",10
모가디슈,재밌어요 배우들 연기가 와… ,10
더 수어사이드 스쿼드,1점준인간들은 뭐하는놈들임? ,10
해가 서쪽에서 뜬다면,고소영 이쁘다 진짜..ㅋㅋㅋ 연기 못한다 생각했는데 못봐줄 정도는 아니네 ㅎㅎ ,8
빅쇼트,정말 이런 일들이 실제로 2008년도에 일어났단 말인가?  어느정도까지가 사실일까...?  제발 80% 이상이 사실이라고는 말하지 말아 주라.  모든 사람들이 꼭 꼭 봐야 할 공포영화. ,9
왓 이프,생각대로 흘러가는 스토리 ,6
모가디슈, 할말 많지만 아끼겠습니다.... ,1
빅쇼트,"서브프라임 모기지가 어떻게 무너졌는지 상세한 과정과 내용을 잘 전달했다고 봅니다.. 영화를 이해하면서 보기위해 찾아보면서 봤습니다.ㅋㅋ 영화를 재미로만 보기에는 좀 별로지만, 경제나 주식을 공부하는 사람들에게는 흥미로운 영화였을거라 생각합니다. 저는 잘 봤어요.^^ ",9
모가디슈,하…존112나재밋어 ,10
낙원의 밤,대체적으로 재미있다.차승원 ㅎㅎ 연기 잘한다. ,8
세자매,눈물이 멈추질 않는 ..너무 리얼해서 불편한  ..배우들 연기 좋아요. 좋은 영화네요. ,10
펄프 픽션,"시간 구성 뒤틀어 놓은점 외에는 배우들이 다 했다. 94년 칸 영화제때 다른 좋은 작품도 많은데, 왜 이 작품이? 심사위원장이 미국인이여서 그랬나? ",1
모가디슈,재밌음 예고를 전혀 안 보고 가서 놀랐는데 잘 봤습니다. 생각이 많아지게 되네요 ,10
모가디슈,류승완 감독님  멋진 영화 만들어줘서 고마워요코로나상황에서 갑갑하게 지내다가 영화보고 힐링했네요 김윤석 조인성 허준호님 연기도 멋졌고 구교환님 연기 쩔었어요1000만넘었음 좋겠습니다 ,10
모가디슈,꼭보세요 ㅠㅠ너무너무 재밌었어요 ㅠㅠ뭔가 실화같고 여운이 아직 남네여 ,10
모가디슈,"추천합니다! 배우들 연기 합도 좋았고, 억지신파 없어서 재밌게 잘 봤습니다. ",10
국제수사,"충청도 사투리, 왜 이렇게 듣기 싫지? 와~ 정말 극혐 사투리네. 충청도 사투리 때문에 집중이 안됨. 끝 ",1
정글 크루즈,다 좋지만 뜬금 로맨스는 뺐으면 좋을 것 같다! ,8
늑대인간: 더 오리지널,"나쁘지 않은 영화, 좀 잔인하고 킬링타임용으로 좋아요 ",6
더 수어사이드 스쿼드,간만에 영화같은 영화 봤다 ,9
그랜드 부다페스트 호텔,경외심과 그리움의 혼동을 그린 예쁜 우화 ,10
모가디슈,마지막에 북한외교관분들이랑 우리나라 외교관분들이랑 따로 모르는척 하면서 가는게 너무 슬펐다 ,9
논스톱,이런 영화 또 없나?? 한 장소에서 이렇게 쫄리긴 첨임ㅋㅋ 추리로 몰입감 올라가고 액션 사이다고..분위기고 내용이고 연기고 액션이고 다 내 스탈.. 이런 영화 찾아봐도 없다.. 리암 니슨 영화중 그나마 커뮤터가 비슷..하지만 한장소에서 지루하지 않게 추리해가는 액션물 중엔 이영화 따라올거 없을듯.. ,9
올리브 나무 사이로,"1990년대 영화중 최고의 라스트 씬.   현실과 영화가 절묘한 아름답고, 담백한 지그재그 3부작의 완성. ",10
더 수어사이드 스쿼드,DC라 기대없이 봤는데 예상외로 볼만함 ,8
엘 시크레토: 비밀의 눈동자,결말이 신선하네요그러고 보니 올드보이 생각나기도 하고 ,8
다빈치 코드,이 영화 처음 나왔을땐 종교적 신념때문에 보지 않았는데 그새 시간이?? 이렇게나 지나다니…. 영화는 그냥 영화일뿐 개인적으로 매우 수작임 ,10
발신제한,진짜 짜증나 평점알바들때문에 사기당했어 ,1
더 수어사이드 스쿼드,초반 욘두브라덜 등장그리고..헤임달 횽아가 대충스토리 끌고감기존 마블 유니버스와는 다르게 너무 너무 케릭터의 개성이라든지 고딴게 뚜렸하지 않아서 그닥 참 잘한건 할리퀸이  확 이목을 안끌게 만든거며은근 dc무비지만 이감독 똘끼 있는지 마블출신  배우 3명을 캐스팅 하고 그중1명은 초반에 저세상으로..스토리는 기대금물 할리퀸 팬들은 그닥그리고..딱 이영화 끌고가는건 헤임달 브라덜과 유캔씨미 외치던 좃아니 존씨나 햄일단 드라마로 피스매이커 우찌 만들지 기대중 그리고 불만은 쿠키가 넘 늣게 나온다는거일단 이영화  시작으로 하나하나 매력있는 케릭터 싱글영화 만들고이후 빌런과 배트맨 슈퍼맨 맞짱뜨는 영화 나오길할리퀸이랑 캣우먼 맞짱뜨는거라든지아쿠아맨이랑 샤크킹 스토리라든지퍼니셔랑 해임달 브라덜 이라든지ㅋㅋ ,5
모가디슈,와 이제까지 조인성님 연기 별로라고 생각했던 사람인데 경찰이랑 신경전 벌일때 너무 멋있었음 연기 짱짱맨 다른 배우들님들은 말할것도 없고 마지막 대조되는 연출들도 멋있었음 근데 옆에 커플 예티켓 안지키고 쪽쪽댜고 만져대는거 그럴거면 호텔가라 영화관에서 그러지말고 ,10
당갈,인도영화에 사실 별관심이 없다가 동생의추천으로 보게되었습니다.긴 시간에도 불구하고 1분1초가 지루하지않고 재미있고 감동적입니다. ,10
이터널 선샤인,"평점들을 보면 으레 이 영화를 온전하게 이해하고 느끼는 때가 있으며, 그런 순간이 온다고 한다. 그러기에 나는 아직 어리고, 누군가를 좋아하는 마음, 누군과의 관계에 있어서 성숙하지 못한 것 같다. 언젠가 이 영화를 다시 꺼내 보았을때, 나에게 더 깊게 와닿는 그날이 오기를 바란다. ",8
"그 시절, 우리가 좋아했던 소녀",평점이 너무 좋아서 기대를 많이했나봐요 서툴럿던 어린시절을 잘 표현했지만 나랑 정서는 안맞는걸로 ,6
더 수어사이드 스쿼드,DC판 데드풀과 가디언즈 오브 갤럭시. 마고 로비는 세상에서 가장 아름답다. ,7
핸콕,딴사람들이 말하는 중반부에 끝났으면 그냥 개 식상한 히어로물일텐데..과연 정말 스토리가 그렇게 끝났으면 10점을 줬을까?난 전혀 예상하지 못한 스토리가 나와서 오히려 100배 재밌었음 ,10
레이디 맥베스,연기 겁나 잘하네?ㅎㅎㅎ ,8
낙원의 밤,연기는 진짜 좋은데 연출이랑 편집이 아주.. ,6
지금 만나러 갑니다,완벽. 책도 재밌음. 10자 적기 짜증나네 ,10
데어 윌 비 블러드,주인공 나이 들어도 멋지네요 ,10
모가디슈,너무 휴머니티에 초점을 맞춘것 같지만억지로 끌어내는 감성이 아니어서 괜찮았다^^교과서에서 ''1991년 9월 남북 유엔동시가입''요렇게 한 줄 말고 좀 자세히 다루어 주었으면 좋겠다역사를 영화로 드라마로 배워서 배우이름빼면 아무것도 기억하지 못하는 그런 일이 좀 없어지게...암튼 이런 영화도 나올 수 있는 세상이 되었네... ,8
블랙 위도우,마블이 마블했다 블랙위도우 주연 너무 멋지고 좋았습니다 ,10
페르시아의 왕자: 시간의 모래,질렌할 좋아~~타미나 공주 이뻐~~~ ,8
더 수어사이드 스쿼드,아니 징그럽다는 말 왜 아무도 안해줬나..징그러운거 잘 못보는 사람한테는 정말 최악... ,2
모가디슈,"배우들의 연기와 연출 등 모든 것이 좋았지만굳이 북한과의 감정선을 그렇게 만들어 내야 했을까 싶음 남과북이 분단 되고, 같은 민족임에도 적이 됐어야만 하는 슬픔 등 여러가지 감정이 느껴지기도 했지만, 솔직히 현실적으로는 말이 안된다고 생각 했음 6.25가 끝난 지 채 30년이 좀 안되는 시대에 남북 외교관이 동정심을 느끼고 남한의 위험을 무릅쓰고 서로를 돕는다는 것 자체가 짜증나고 말도 안되는 연출 이었음 보면서 내내 답답했음 ㅜ ",6
피닉스,니나 호스의 소름돋는 연기력 ,9
사라진 밤,반전은 좋은데 왜 하필 형사 와이프를 뺑소니했나 억지설정이다 ,6
블랙핑크 더 무비,블랙핑크 5주년 진심으로 축하해 우리 블링크가 항상 너희 곁에 있을게?? BP IS REVOLUTION ,10
더 수어사이드 스쿼드,간간하게 나오는 코미디와 정말 멋진 액션에 영상미까지 너무나도 재밌게 봤어요 ,10
베스트 오퍼,김용건 때문에 본 영화 역시  ㅋ ,6
방법: 재차의,ㄹㅇ꿀잼 10글자.. ,10
러브 액츄얼리,평점 10점 만점중 9점.. 1점이 모자란 이유는 여름에 보고 있는 내 자신한테 아쉬워서... ,9
더 수어사이드 스쿼드,와... 진짜 핵노잼이에요.돈아까워요. 조만간 다운 받아보세요.모가디슈 볼걸 백번 후회함.액션영화가 이렇게 지루한건 살다살다 처음;;; ,1
모가디슈,스토리도 좋고 연기도 좋고 감동도 적절하게 있어서 너무 좋았ㅇ음 .. 간만에 재밌는 한국영화 !!! ,10
올드 가드,2가 나오길? 이야기가 하다 만듯해 넘나 아쉬움 ? ,10
용서는 없다,반전 반전 또 반전.. 류승범의 연기도 최고.. 최고의영화 ,10
반칙왕,관람객수 80명중 내가있다는게 뿌듯하다... ,8
모가디슈,2년만에 찾은 영화관… 조마조마한 마음으로 정말 재미있게 봤습니다 ,10
모가디슈,영화보는 내내 손을 잡고 봤습니다. ,10
소년시절의 너,"이 영화는 처절하지만 처절할 수 밖에 없었던, 아픈 마음을 가진 사람끼리 서로를 알아보고 서로를 바라봐주는 그런 영화인것 같다. 각자의 사정을 다 알려고 하는것이 아닌 말로 하지않아도 눈빛만으로도 이런 서로를 알아주고 행동해주는 정말.. 연기로 담아낸 배우들이 정말 대단하다. 이 영화가 사실 나는그저 과장된것 이라고는 보지 않는다. 정말 어딘가에서 일어날만한 누군가가 이 위기에 처한다면 선택할 선택지 중 한가지를 보여줬을 뿐 이 영화감독은 정말 많이 공부하고 배우들을 잘 컨택한것 같다. 좋은 영화였다. ",10
모가디슈,간만에 재미있는 영화 봤다. ,10
맨 온 파이어,최고의영화10번봤음 ,10
소공녀,"현실적으로 본다면, 무척이나 어렵게 사는것은 알겠는데 여주의 행태를 보자니 등장 캐릭터 중 제일 미성숙하고 개선의 여지가 없어 보여 동정조차 가지 않음. 다만 한 인물의 캐릭터가 아닌 현대인의 여러 어려움 -집, 돈, 인간관계, 워라벨 등- 을 함축해서 보여준 것이라고 한다면 공감의 여지가 있기도. 억지로 동정을 구하려 하지않고 간간히 보여주는 위트 등 연출력의 승리 ",6
발신제한,모든면에서 엉망이지만 젤 웃꼈던 부분이 폭탄제거아줌마가 딸보고 가자고 할땐 온몸을 다해 미친듯이 버티더니 지창욱이 가자고 손 잡으니까 순순히 따라감ㅋㅋㅋㅋ ,1
천녀유혼,그냥 good이지 호들갑 떨 정도는 아닙니다~! ,6
모가디슈,인생에 노잼시기가 와서 그 좋아하던 영화나 드라마에 흥미를 잃었었는데 6개월만에 모가디슈 보고 살아났어요 ㅜㅜ 연출이며 내용이며 연기력이며 음악이며 정말 사람이 만들 수 있는 작품인가 싶었습니다 정말 생각이 많은 저도 몇개월만에 현실에서 벗어나 영화속에서 푸욱 빠져서 봤어요 호불호 절대 안 갈리고 제가 지금까지 본 영화중에 그아아아아장 역대급 여운과 너무 벅찼던 영화 입니다 전 또 보러가려구요 보고 왔는데도 또 너무 보고싶어요 ㅜㅜ 감독님 정말 사랑합니다 그리고 배우분들 연기력이 미쳤어요 엄청 놀라고 엄청 울고 엄청 웃었던것 같아요 고삼이라 정말 오랜만에 영화 본 거 였는데 모가디슈를 봐서 다행이에요 흥했했으면 좋겠다기 보다 흥행 안 하는 게 이상한 영화 입니다 꼭 보라는 소리는 안 하고 싶네요 안 보는 사람들만 손해라 최고에요 진짜 감독님 정말 영화 다운 영화 만들어주셔서 갑사합니다 또 보러갈게요 ????????????????????????????????????????????????????????????????????????????????????????????????????????????????????????????????????????????????????????( 여러분 그리고 조인성이 작살나게 잘생겼습니다 제 심장 만번은 쥐고 흔든것 같아여 하 사랑해요 조인성 살면서 보게 된다면 ... 좋겠네여ㅎ) 모두 최고의 영화 만드시느라 고생 많으셨습니다 ?????????????????????????????????????????????????????????????? ,10
유랑지구,후속작 나왔으면 좋겠다 ,10
어벤져스: 엔드게임,긴말 필요없이 걍 개 지리는 영화 ,10
블랙핑크 더 무비,역시 블랙핑크는 기대를 저버리지 않는다 ㅎㅎ보고싶어요!! ,10
"그대, 고맙소 : 김호중 생애 첫 팬미팅 무비",이건 내려가야 마땅함 ,1
모가디슈,오락성과 스토리까지 몰입감있게 봤습니다.조인성씨 연기가 좋네요~!@ ,10
분노의 질주: 더 얼티메이트,"안볼까봐 10점준다영화가 우리 속담으로빈수레가 요란하다 진짜 화려하고 연출 멋진데 개연성, 현실성은제로에 가깝다고 봐야한다ㅋㅋ거진 내 초딩때 만화 보는 기분이다.. 감독은 어디에 초점을 맞춘건지 ㅋㅋㅋ 몰입이 하나도 안된다 여튼 무료영화되면 휴대폰 게임하면서 보면 좋을 영화 ",10
내가 살인범이다,넷플에 있어 오랜만에 다시보니 재밌네요 ,10
모가디슈,"스토리가 지루할 틈 없이 이어져서 2시간동안 딴생각 안하고 집중해서 볼 수 있었고, 배우분들 연기, 연출도 좋아서 더 집중되었어요!꼭 보시길 추천드립니다 ! ",10
모가디슈,오랜만에 끝까지 몰입하고 본 영화 ,10
블랙 위도우,영화관에서 봐서 잘했다는생각이듬 ㅠ 킬러이기전에 한 여자이고. 아이였고.가족이있는.그냥 한 사람인 나타샤ㅠ ㅠ 진짜 너무 감동깊게 봤어요!플로렌스 레이첼 진짜 너무 멋있었음!!!! ,10
미나리,누군가에는 지루함으로 와닿는 영화가 나에게 감동으로 다가왔다. 이민자 배경을 떠나 한국인으로서 부모의 갈등을 보며 할머니의 손에 자란 나에게는 충분히 향수를 느낄만한 내용이었다. 무엇을 말하는지 무엇을 나타내는지를 떠나 이 영화는 나에게 소중했던 누군가를 또 그 시절의 기억들을 떠올리게 해줘서 너무 고마웠다. 이 영화가 지루하다고 느낀다면 묻고싶다. 당신들의 삶은 누군가의 손자로 아버지로 어머니로 할머니 할아버지로서 혹은 자식으로서 최선을 다해 살고있냐고 말이다. ,10
더 수어사이드 스쿼드,'부제 - 뚱이의 분노' ,6
아이,현실적인 내용도있구요. 고아라는 컨셉에 더 감정이 몰입되었습니다. 모두 연기력이 좋구요~~ 영화 흐름도 자연스럽고 분위기도 좋았어요^^ ,10
그린 나이트,전체적인 연출과 스토리가 너무나 좋았고 추천하고 싶은 영화임!! ,10
이스케이프 룸 2: 노 웨이 아웃,차기작을 위한 루즈한 스토리 그치만 액션은 좋았다 ,8
꽃다발 같은 사랑을 했다,"누구나 한번쯤은 꿈꿔본 행복, 누구나 한번쯤은 겪어본 사랑.아름다운 색깔과 향기를 가득 담고 있는 꽃다발. 매일 차가운 물로 화병을 채워 꽃다발의 처음 싱그러움을 간직하고자 노력해도 결국은 시들어간다.꽃다발이 시들면 어떻게 할것인가?쓰레기통에 버릴 것인지,더이상 처음의 그 향과 색은 존재하지 않지만 그 안에 담긴 기억을 드라이플라워로 오래도록 간직할 것인지.선택과 노력은 그 사람의 몫. ",10
모가디슈,기존 한국 영화와는 또 다른 느낌 ,8
모가디슈,빨갱이 영화인가?  북한과의 화합..? ,1
스물,웃으면서 재밌게 볼 수 있었고 이유비 존예 ,8
열혈형사,보는동안 평점을 검색할 정도로...기차안 싸움신에서 여자역무원의 폰질과 말타고 총싸움에 어설픈 신과 중간 중간 경찰의 진지할순간 보여진 미소 난 폰으로 찍는 유튜브인줄.. ,1
더 수어사이드 스쿼드,최곱니다. 꼭 보세요. ,10
모가디슈,한국영화에 항상 있는 클리셰(?)적인 요소가 없어서 깔끔하게 감상할 수 있었던 영화 ,10
정글 크루즈,신나는 모험으로 여름의 느낌이 나는 영화 ,9
모가디슈,항복기 차 창문에 뺄때 나도 모르게 한숨이.. 그만큼 몰입도가 강하네요~ ,10
더 수어사이드 스쿼드,영화의 개연성이 아주 탄탄해서 볼만한거같습니다 ,10
월터의 상상은 현실이 된다,월터의 상상이 나에게 전염되었다 ,9
굿타임,혼란스러운 상황을 잘 표현한 영화 ,10
엑스맨: 아포칼립스,대박임.이거 개봉한지 좀 됬는데 난 이게 최애영화. ,10
모가디슈,류승완 영화는 믿고 봄. 액션연출은 우리나라에서 따라올 사람이 없다 ,10
더 수어사이드 스쿼드,정말 3류 영화보는 느낌이었습니다. 굉장히 실망했구요... 스토리 액션 연출 모든것에 실망했습니다. DC가 갈수록 센스가 없어지는거 같네요. ,2
모가디슈,연기자분들의 연기. 역시. 추천합니다. 너무 재미있게 보고 갑니다 ,10
더 수어사이드 스쿼드,요즘 DC 미쳤네 영화 너무 잘 뽑음. 마블은 단순히 본다라고하면 DC는 느낀다 ,10
캡틴 스터비,강추합니다!! 또 봐도 전혀 질리지 않는 스토리 ,10
콰이어트 플레이스 2,관객도 숨 죽이며 보게 된다 아쉬움 부분도 있지만 이런 소재에 이정도면 훌륭 ,9
제8일의 밤,이게 무슨 내용입니까... 영화가 너무 힘드네요ㅠ 하아 내시간.. ,1
랑종,무서워요ㅜㅜ심각하게무섭 ,10
모가디슈,한국영화라고는 믿기힘든 연출력! 연기력이야 뭐 믿고 볼 수 있는 영화입니다. 실화를 바탕으로 최대한 담백하게 그렇지만 감칠맛 나는 영화였습니다. 러닝타임이 긴게 안느껴지네요 ,10
더 수어사이드 스쿼드,1편에 비해 저질이 됐음.감독 각본도 별로고 음악도 별로임할리퀸만 너무 띄우고 뒤죽박죽 재미없습니다~~ ,2
모가디슈,10점 믿지마라 알바들이다 ,2
블러드 레드 스카이,진짜 올해 최대의 발암 영화 진짜 제발 보지마세여 제발 짜증만남 ,1
모가디슈,조인성은 진짜 오우…. ,10
루카,지금껏  본  애니중에 최고입니다 .2번째보는중입니다 영상미도 좋습니다!2탄이 나았으면 좋겠어요. ,10
워스, 911 테러와 같이 우리나라에서도 엄청난 일들이 여러 번 겪어 유족들의 얘기에 자연스럽게 이입하여 같이 슬퍼졌다. 내 마음은 슬펐으나 생명의 가치를 논할 때 내 머리는 이해를 해서 나는 착잡했다.  911 테러로 소중한 사람을 잃거나 다친 사람들의 이야기와 그렇지 않은 사람들 그리고 무정한 현실의 셈법을 영화 한 편에 다 담기에는 벅차보였다. ,7
동급생,BL 좋아하면 꼭 봐라 진짜 봐 보세요 ,10
방법: 재차의,무섭거나 놀라지는 않았지만 영상미가 좋았어요! ,9
더 수어사이드 스쿼드,영화가 1편보다 잘만들었습니다. 문제는 너무 캐릭터들 죽여서 걱정이네요 ,10
모가디슈,간만에 재밌는영화 킬링타임용으로 제격 ,10
분노의 질주: 더 얼티메이트,여태까지 번 시리즈중에 제일 재미 없었음..개연성도 액션도 너무 과함..진짜 이번화 개망작 ,1
에이리언: 커버넌트,시대의 수작.SF 스릴러의 대명사. ,10
모가디슈,너무 재미있게 봤어요!!! 짱 ,10
사라진 시간,술 아예 못 마시는 사람이술 마시게 만드는 영화 ,10
모가디슈,차타고 조용히 집에가는데 잘도착했는게 이렇게  행복할줄이야. ,8
더 수어사이드 스쿼드,영화보다 졸려서 죽는줄알앗네요;;1편을 이렇게 망칠수 있나 싶음 ,4
프로메테우스,SF 스릴러의 수작. 두고두고 볼수록 깊이가 느껴지는 작품. ,10
모가디슈,나름..연기자들이 살린듯..스토리는 예상가능했고..여튼 그래도 재미는 있네여.. ,8
오아시스,"편견의 무서움을 느꼈다. 나또한 안 그럴려고 하지만 그렇게 살고있는건 아닌지..이 영화에 설경구, 문소리 배우는 연기가 아닌 실제 그사람들이었고 따뜻했고 미안했다. ",10
블랙 위도우,진짜 ost 나오면서 나왔던장면이 레전드 ,10
더 수어사이드 스쿼드,블랙위도우가 더 볼만하다.언더우먼이 더 볼만하다. ,2
더 수어사이드 스쿼드,1보다 확실히 재밌음 액션 좋고 연기 좋음 잔인한거 싫어하시면 보지마세요 ,10
빽 투 더 퓨쳐,꿀잼임 초반에 이게 뭐야?? 이러다가 하나에 사건부터 개꿀잼됨 ,10
그린 나이트,연출과 음악이 특히나 인상적이였던 영화! ,10
블랙핑크 더 무비,"영화가 끝난 지금도 가슴이 벅차오른다. 더쇼 못봐서 아쉬웠는데, 더쇼랑 서울콘서트 교차편집한거 진짜 대박이고. 큰 화면, 큰 소리와 함께 4DX로 진동까지 같이 느껴서 진짜 콘서트 다녀온 느낌이다. 마침 딱 오늘이 블랙핑크 5주년이라서 더 뜻깊다 :) BLACKPINK IN MY AREA ",10
히트맨,갠적으론 극한직업보다 더 재밌어요간만에 배꼽 빠지게 봤네요 ,8
모가디슈,연기력도좋았고  재미와 감동 슬픔 안타까움이 모두있었다!  돈안아까운영화임! ,10
모가디슈,코로나 시국이 아니었다면 훨씬 더 많은 관객수와 흥행했을 영화인데.. 아쉽네요 너무 재미있게 봤어요!!! ,10
모가디슈,넘잼나요 또 보러갈꺼에요짱 ,10
모가디슈,초반에 지루함을 더할수있으나 스토리 전달을 위해 필요한연출로 이해할수있었음중후반부로 갈수록 역시 이름값하는 연기자들의 연기력과 사심과 팬심이지만 오랫만에 스크린에서 만난 조인성씨는 완벽했다 ,10
정글 크루즈,너무 기대해서 그런가 생각보다 별로.. ,5
모가디슈,외유내강 믿고볼수있음 ,10
스파이의 아내,"피해자의 얼굴이 아닌, 가해자의 거울로 바라본 일본 군국주의의 부끄러운 자화상 ",7
블랙핑크 더 무비,블랙핑크 더 무비를 보고 블랙핑크가 더 좋아졌어요!! 내가 왜 팬이 됐는지 알 수 있었던 영화♡ 보고나니 행복하네요 ,10
늑대소년,이런영화가 10년전라니 ㅠㅠ 비슷한영화 제작 많이 되었르면 ,10
모가디슈,잼나요재미용 핵잼 핵꿀잼 ,10
모가디슈,간만에 제대로 된 영화보고 왔어요 ,10
모가디슈,갑자스러운 신파와 액션의 연결이 아쉽다그럼에도 정상급 배우들의 연기는 볼만했다. ,7
미스트,살짝 허탈한 결말을 감안하더라도 역대 Top 10 괴수물에 반드시 포함되어야 할 영화! 긴장감이 압권임!! ,10
아이스 로드,리암니슨이란 대배우 말고 다른 배우 쓰고 그 제작비로 영화에 더 투자했으면 A급 영화가 됐을거 같음 ,7
더 수어사이드 스쿼드,제임스건 특유의 연출 진짜 끝내주네요 ,9
더 수어사이드 스쿼드,이게 실화였다니 믿을수 가 없네요 ㄷㄷㄷ 양키놈들 ㄷㄷㄷ ,10
모가디슈,리뷰첨남겨봅니다! 다만악도 엄청 재미있게 봤는데 비슷한 느낌으로 긴장의 끈을 놓을수 없음.. 두시간 러닝타임이 순삭 !! 강추해요 ,10
모가디슈,오랜만에 재밌는 영화를 봤습니다! ,10
모가디슈,긴장감에 한시도 딴짓을하지못할만큼 집중도최고임 ,10
랑종,특유의 불쾌함과 찝찝함 .. 난 개인적으로 정말 만족하고 나왔다 ,10
조커,최고의 연기력.더 이상의 조커는 없다. ,10
방법: 재차의,몰입되어 전혀 지루하지 않고 봤습니다. 굿 ,9
모가디슈,북한 미화영화!~~ 너잼 ,2
쌍화점,정말 30대엔 그져 야하다고만 느꼈는데.40대가되어 다시보니 너무 감동적이다.어느것하나 버릴것이 없고 이성애자이지만 동성 이성을떠나 그들만의 입장과 감정들이 너무 절절하고 왕의 죽이라는 명령만없었다면.. 그리고 진정으로 사랑한다면 놓아주었어야할 사랑이 비극으로 치닷는게 너무 안타까웠다.명작이다. ,10
그린 북,지금까지본 영화중 최고 ,10
나비 효과,한때 나를 울렸던 Life is Strange. 그러한 나비효과의 원조라고 느껴지는 영화를 어릴때 한창 유명할 때 안보고 이제야 봤다. 인간의 마음에 자리 잡고 있는 과거로 시간돌리는 이야기를 잘담아 정말 잘만들었다. Life is strange 보다 오히려 늦게 보아서 좋았다. ,10
모가디슈,"2시간의 러닝타임이 너무나 짧게 느껴진 최초의 한국영화. 몰입감과 빠른 전개, 치밀한 연출, 우리나라 액션영화중 감히 최고라고 얘기하고 싶네요. 특히, 조인성이란 배우를 새로 보게 됐어요. 멋진 사람** ",10
더 수어사이드 스쿼드,"간만에 시간 가는줄 모르게 봤다.캐릭터 한명 한명이 개성이 넘쳐 재밌다.D.C영화도 다크나이트, 조커 이후로 하면 된다는 것을 보았다.그런데 평점 1점 테러 박은 넘들은 영화 제대로 보긴 한거냐?? ",10
더 수어사이드 스쿼드,노잼 매우 노잼이다ㄹㅇ 비추 ,4
분노의 질주: 더 얼티메이트,다음 시리즈 목빠지게 기다겠습니다. ,10
바람의 검심 최종장: 더 비기닝,"사극 감독이 만들어서 그런지 시대극 분위기 제대로 연출함. 솔직히 팬심으로 실사 영화 시리즈 봤지, 영화 자체만 놓고 보면 별로라고 생각했는데 비기닝은 시리즈 중 가장 수작일 뿐 아니라 근래 나온 일본 영화 중에서도 잘 만든 편.원작뿐만 아니라 대하드라마 신선조, 추억편 OVA에 대한 오마쥬도 자연스렇게 들어가면서도 독자적 해석과 연출도 과하지 않고 적절해서 감독이 이 편을 본인 필모 중 최고 명작이었던 료마전 급으로 뽑아내려고 작정했단 느낌이 들었다.일본 막말 시대물 마니아, 원작팬, 배경지식 제로베이스의 관객까지 모두 만족시킬 만하게 잘 만듦. 캐스팅도 거를 타선이 하나 없음. + 아리무라 카스미는 순둥하고 둥글둥글한 인상이라 원작의 도모에 캐릭터의 쿨뷰티 이미지랑은 안 맞는 미스 캐스팅 아닐까 싶었는데 보고나면 도모에역 배우의 아련한 분위기가 가장 기억에 남음. ",10
모가디슈,오랜만에 재밌게 본 영화 연기 최고 ,9
초콜릿,수채화 같은 영상에 프랑스 마을을 한껏 느꼈어요 내용과 배우들 다 좋았어요 조니 댑 눈빛..달콤한 영화예요 ,10
행복한 라짜로,종교적 소재와 철학적 의미를 투영시켰지만 현실적인 내용만을 여과없이 그대로 보여준다. 현대적 해석으로 감동과 재미를 중점으로 삼은.. 이 작품을 만든 감독은 천재다! ,10
나만 보이니,별 반도 아까움 살다살다 영화보다 화난건 처음노잼내용이 없음 ,1
시,시를 쓰려면 잘 봐야한다길래.. ,10
더 수어사이드 스쿼드,간만에 나온 잘만든 DC 영화 믿고 마음 편하게 관람하면 됩니다. ,10
모가디슈,"소말리아 , 남한, 북한 각국의 아이들의 시선 교차 장면이 잊혀지지않네요 오랜만에 시간 가는 줄 모르는 몰입감이었습니다 ",10
분노의 질주: 더 얼티메이트,믿고보는 시리즈. 하지만 전작들 내용이 잘생각이 안나는... 근데 여기나온 사람들은 어벤져스 보다 피도 안흘리고 죽지도 않고 금강불괴들이네. ,8
모가디슈,잘생겼다 스토리짱 이 두단어로 설명가능 ,10
더 수어사이드 스쿼드,할리퀸만 보이네 할리퀸정도 클라스는 조커아니면 만나기도 힘들듯 ,8
그린 나이트,신비로운 압도감ㄷㄷ 볼까 말까 했는데 보길 잘한 듯 ,9
더 수어사이드 스쿼드,개쩌는 캐릭터들이 감각적인 감독을 만났을때 ,10
블랙 위도우,영화를 보는 내내 심장이 멎을 것 같았다 ,10
모가디슈,몰입도 최고… 오랜만에 좋은 영화봤어요 ,10
모가디슈,오랜만에 보는 한국 영화 그리웠다 재미있었다한국에 산다는건 행복한거다 ,10
비밀의 정원,담담하게 표현했지만 끝나지 않는 드라마 ,9
모가디슈,정말 너무 재밌었고 감동도 있었습니다..♡ ,10
모가디슈,진짜 개개가가가ㅏ개재밋어서 강추  오랜만에 넘 재밋는 영화 ㅠㅠㅠㅠ ,10
더 그레이트 샤크,ㅁㅊ OOO기 영화 영화도 아님 이건 ,1
모가디슈, 코로나 터지고 영화관을 자주 안 갔어서 간만에 영화관에 가게 된 거라 많이 기대하고 봤는데 너무 재밌게 봤습니다~ 정만식 배우님 나온다고 하시길래 봤는데 스토리가 감동도 있고 흥미진진해서 좋네요! 실화 기반이라 그런지 더욱 몰입해서 볼 수 있었던 것 같아요 ,10
클로버필드 10번지,와 뭐냐 이 긴장감은….. ,10
모가디슈,현장의 생생함을 느끼려면 극장에서 보길 강추합니다 시간 순삭 ,10
양지의 그녀,끝까지 넘 좋았어요. 냥이 키우고 싶어지네요 ,10
광대: 소리꾼 감독판,"솔직히 판소리라는 주제의 영화에 대해 기대하지 않고 보았는데, 이런 영화가 많이 만들어진다면 세계 속의 한국을 알리는데 충분하겠다는 생각이 들었네요! 감독님, 배우님들 모두 최고~!! ",10
그린 나이트,중후한 이야기네여.. 영상미는 말할 것도 없고.. ,9
소울,자기 인생의 꿈을 맹목적으로 쫓지말고 주변을 둘러보며 사소한 즐거움을 느끼고 살아라 라고 속편한 소리만 하는 영화. 누구는 즐기고 싶지 않을까.. 그걸 허용하지 않는 사회와 세상인데ㅎ긍정적인 리뷰만 보고 봤다가 실망할수도 있음. 뭐 재즈나 죽음과 탄생에 대한 창의적인 생각은 역시 픽사 스러움 정말 잘만들었다 ,7
모가디슈,배우 연기력 믿고볼만합니다~!!아무생각없이 갔다가 꽤 재밌게보고왔어요 실화라고하는데 실화가 영화급!!돈 아깝지않아요~!!코로나만 아니여도 꽤관객수 많을텐데 아쉽참고로 제가볼땐 만석이였어요~~vip관이라...그래도 만석은 근래 첨봄 ,10
더 수어사이드 스쿼드,심각하지 않고 고정관념을 깬다 ,10
정도,없음 아는외국인이나오지 않았으면 봤을까 ,2
"나는 내일, 어제의 너와 만난다",상대의 처음이 나의 마지막이라니 ㅠㅠ ,10
말할 수 없는 비밀,왜.. 아무도 혼자 남은 아빠는 언급 안함..? 나만 좀 슬픈가.. ,8
더 수어사이드 스쿼드,마고로비 개예뻐요 하 재미써 ,10
모가디슈,웰메이드. 놓치는거 하나없는 영화...찍으면서 다들 고생많이하셨겠어요. ㅠㅠ관람하고 기운 많이 받고 나섭니다. ,10
인턴,너무 따뜻하고 .. 위로되고..힐링되고..정말 너무좋네요.. 여러번 울컥하더라구요 ㅠㅠ ..연기도 최고에요! ,10
형,내가 감동적인 영화 좋아하는데.. 이 영화는 너무 뻔하고 오버스럽다 ,4
정글 크루즈,보기 전엔 시리즈화 했으면 좋겠다 싶었는데 보고 나니 단편으로 끝날 것 같아서 다행이다 싶은 영화. 드웨인존슨과 마동석은 캐릭터 낭비를 그만할 필요가 있다 ,1
모가디슈,뭔가 느낌이있는 영화 조인성님 대박웃김♡ ,10
내가 살인범이다,마지막 장면밖에 못봤다 나중에 다시봐야지 ,10
모가디슈,역겨운 북한 미화 영화. 올바른 안보를 가진 사람이라면 보는 내내 불쾌할 수 밖에 없음. 억지 감동도 진짜 역겨움 ,1
특수부대 전랑2,액션은 그럭저럭인데 지나친 람보 연출과 국뽕이 마이너스 ,6
장난스런 키스,서브남 개아까움.. 여주 사겨줄거 아니면서 대놓고 어장관리하거 서브남 진심으로 대하는데 그냥 남주만 보느라 정신을 못 차림;; 제일 불쌍 ,6
모가디슈,진짜 이거 재밌다는 알바생들 양심있냐? ,2
너의 결혼식,그래 사랑은 타이밍이지 ,9
모가디슈,넘  재미있게 잘 보았네요. ,10
그린 나이트,"A24,소지섭 믿고 봤는데 후회는 없다 ",10
방법: 재차의,중간에 화장실을 다녀와도 아무 문제 없다. 후기 끝. ,2
더 수어사이드 스쿼드,재미있다~ 하면서 개졸리고 지루하고 갑자기 흐르는 전개방식.. ㅋㅋ 그냥 저냥 볼만함 ㅋㅋDC와 마블의 차이점이 확 들어남 ㅋㅋ 그래도 1편보다는 나음 .. ,4
정도,보다가 헨리인가 싶어서 검색해보니 헐 헨리??. 중국어도 할 줄 알았나?? 언제 쭝궈영화 찍었대 대박ㅋㅋㅋ ,8
더 수어사이드 스쿼드,이 영화의 승자는 족제비다 ,10
마이너리티 리포트,다시 봐도 멋진 영화 ,10
더 수어사이드 스쿼드,모든 캐릭터들이 특색있고 또 그만큼 비중도 있음특히 피스메이커는 예고편에서 거시기 드립칠때만 해도 존나 별로였는데 후반 가서는 닉값 제대로 하면서 가장 인상적인 캐릭터가 됐고군인은 전편에 비하면 다시 태어난 수준딸가진 명사수 흑인 리더도 훨씬 나아지고같은 괴물인 악어랑 상어는 솔직히 비교도 안 됨국장도 훨씬 표독스러워 지고쥐소녀도 괜찮음알록달록한 친구가 좀 애매하긴 한데 캐릭터가 특색이 없는 건 아님할리퀸은 우리가 기대하는 할리퀸 그 자체 ,10
콰이어트 플레이스,알바생들 열일하네ㅋㅋ 딱 4점짜리다 평점 맞춰주려고 1점 준다 ,1
모가디슈,와 사도 이후로 이렇게 재밌는 영화는 처음입니다. 배우 한명한명 다 연기 구멍이 없어서 너무 좋았고 내전이라는 소말리아의 상황이 꼭 남북을 떠올리게 한다. 소말리아에 현재까지도 내전이 진행되고 있다는점이 오늘 내가 본 영화가 허구가 아니라는것을 더욱 와닿게 하였습니다. 어린아이들 조차 웃으며 총을 쏘는 모습이 너무나도 충격적이고 기억에 남는다. 전에 읽었던 책에서 아프리카의 수많은 아이들은 어렸을때부터 마약에 중독되어 살아간다는데 총을 든 아이들이 마치 책에서 묘사된 아이들처럼 꼭 약에 취한듯한 웃음을 보여줘 소름이 끼쳤다. 그리고 마지막에 남북 대사관의 차가 양쪽으로 갈라지는 연출 너무나도 최고였습니다. 부디 이 영화를 안본 사람이 없게 해주세요. ,10
더 수어사이드 스쿼드,난잡함 그 자체. 툭툭 끊킴. 영상미는 보통이상. 스토리가 중구난방 ,6
누구의 딸도 아닌 해원,흔한 홍상수영화인데 여주인공의 연기력이 좀 어색함 ,5
더 수어사이드 스쿼드,성인용 영화라는 것을 보여주기위해 잔인한 장면들이 꽤 나온다. 뻔하지 않도록 반전에 반전을 더했다. 정와 사회적 분열과 부익부빈익빈이  심각해진  미국의 모습을 비유 및 풍자하는 느낌도 든다. 평화를 지키려는 미국(?)  대표 악당들이 뭉쳐 그들만의 방식대로 정의를(?) 이루는 영화로 일반적인 히어로물에서 탈피하려는 모습이 엿보였다.그리고 역시 할리 퀸이다. 왠지 크루엘라가 생각난다. 유쾌한 할리 퀸의 존재감과 영향력이 큰 영화같다. ,9
모가디슈,이번년도 인생 최애영화 만들어주셔서 배우 감독님 감사해요! ,10
더 수어사이드 스쿼드,뚱이가 세상을 지배한다아아앙!!!! ,10
모가디슈,답답하고 지친 일상에 모처럼 즐거운 시간 보내고 왔네요. 억지스럽지 않았던 엔딩이 감명깊었습니다. 배우들 연기는 진짜 모두 최고! 좋은 영화 만들어주셔서 감사합니다. ^^♡ ,10
마마,"처음부터 끝까지 신파극인데 뜬금없이 거기에 반대되는 마지막 전개... 남자 주인공은 회상을 통해서 뭐 중요한 키포인트라도 찾는줄 알았으나 그런거 없음 존재감X, 귀신 비주얼은 최상급(그러니 기예르모 델 토로가 제작비 지원해줬겠지..) 이지만 그거밖에 없다. 처음부터 끝까지 신파극이였으면 그래도 깔끔했다고 했을텐데 마지막은 꽤나 엽기적임ㅋㅋ ",2
모가디슈,잼있어요  억지감동도있었지만 볼만했어요 ,10
모가디슈,몰입력 최고 너무 재밌었어요 오랜만에 재밌는 영화 보고왔네요 ,10
경축! 우리 사랑,끝에 모두 평화롭고 행복하면 된거지 뭐 ,10
남한산성,삶에 대한 절실한 통찰이 빛나는 작품. 존재를 구성하는 모든 겉옷을 벗어버리고 생생한 알몸으로 영혼의 가치를 끄집어냈다. ,10
클로버필드 패러독스,영화내내 신경쓰이는 것. 장쯔이는 중국어로 말하고 다른 배우들은 영어로 말한다. 통역없이 서로의 언어로 말하면서 알아듣는다….영어를 못하고 중국어를 몰라도 적어도 두 언어가 다른건 알겠던데…사람을 바보로 아는건가….스토리도 충분히 예상이 가능해서 긴장감이 없다. 넷플릭스는 점점 이런 용두사미식 구성의 컨텐츠가 늘어나는것 같아서 요즘은 넷플릭스의 새로운 작품을 보기가 꺼려지고 검증된 작품들만 보게된다 ,2
더 수어사이드 스쿼드,아 정말 전작보고 실망하신분들 이번 영화보면 제대로 눈정화(?)됩니다. 제대로 약빨고 만든 영화였네요^^ ,10
남매의 여름밤,이 여름과 잘 어울리는 영화였습니다 옥주의 눈물이 가장 기억에 많이 남을 것 같습니다 ,10
정글 크루즈,개연성이 부족하고 억지 설정. 악역의 조잡한 퇴장. 이중성의 여주. 노잼 ,2
모가디슈,탈출하는 다큐멘터리 그이상그이하도 아님 ,2
그린 나이트,육중한 스토리를 적당히 난해하게 풀었다. 신화였지만 인간이었고 영상은 광활했기에 즐기면서 보았습니다. ,9
모가디슈,올해 본 영화 중에 젤 재밌었다 ,10
그린 나이트,신비롭고 아름다운 영화라고 말하고 싶어요 ,9
인천스텔라,유치해죽것네시간아깝다 ,2
꿀벌 하치의 대모험,어릴 때 보고 몇 년 지나고 나서 다시 보니까 새로운 느낌… 찾다가 자막 버전이 없어서 원어 무자막 버전으로 봤는데 무슨 말인지 몰라도 그 분위기가 생생하게 와닿아서 너무 슬프고 따뜻했음 ㅠㅠ 색감도 예쁘게 너무 잘 썼고 개인적으로 정말 애정하는 영화 (´ ▽｀).。ｏ♡ ,10
아무도 없는 곳,평양냉면 같은 영화. 먹는 사람에 따라 맛이 다름. 저는 생각하게 해줘서 맛있게 먹고 가요. ,8
모가디슈,모가디슈 영화를 봤는데 재미있어요 조인성배우 연기도 잘하고 잘생겼어요? ,10
반도,존잼탱리입니다요옹하하하 ,10
모가디슈,생존영화. 남북관계는 그냥 배경일뿐. 재밌더라. 마지막 부분이 다 된 밥에 재뿌릴까봐 젤 긴장됨. ,10
더 수어사이드 스쿼드,노잼  … 뭘보고 이렇게 평들이 좋은지 친구들도 노잼이라하는데… 중간에 보다가 나오고 싶엇음   1이 더나은듯 ,4
그녀를 믿지 마세요,시간이 가는줄모르고 봤습니다…. ,10
콰이어트 플레이스 2,1편으로 끝냈어야할 영화.. ,1
더 수어사이드 스쿼드,신선한데 신박하지 않아서 좀 아쉽네. 그루트 같은 캐릭터 만드는게 쉽지 않은듯 ,6
반드시 잡는다,너무 재밌어요!!! 연기 너무 잘하세요 두분!!! ,10
오케이 마담,레알 재밋네요.엄정화씨 박성웅 배정남씨 너무 재밋어요 ,10
사이다처럼 말이 톡톡 솟아올라,청춘의 여름. 17자로 표현하는 하이쿠.수줍은 고백의 시작.너를 좋아하는 마음이사이다처럼 말이 톡톡 솟아올라 ,10
모가디슈,그냥 남북평화 이런 빨갱이 영화 좌파 대깨문들이 좋아할듯 ,1
구르믈 버서난 달처럼,"재밌는데 누가 백성현 연기 못한다고 해서 봤는데 연기 엄청 잘하던데.. 누가 차승원 치아만 보인다고 해서 봤는데 ㅋㅋㅋㅋ (쫌 인정 ㅋㅋ) 근데 치아에 집중 안돼는데 역시 황정민이다 연기 개 잘해 역시 차승원 멋지네 ㅋㅋㅋㅋ 영화 넘넘 재밌음..ㅜㅜ 누가 옳고 그름이 없고, 그냥 저 시대에 산게 죄인거같음,, 임금이나 서인이나 동인이나 다 똑같음.. 하나같이 자기 실리만 생각하쥬.. 죽어나가는건 백성 ㅎㅎㅎㅎ 하튼 재밌어음.. 평점이 6점대라 기대 안했는데.. 아깝네요 대박 왜 안났쥬? ",10
미드나이트,"난....이런설정의 영화를보면 이해할수가 없다...철거지역이고 여자들이 다니기무섭고 어두운 골목길이나 외진곳을 왜 꾸역이남아서 험한꼴 당하는지 제발 이사좀 가라 제발쫌....서울이 뭐라고 서울떠나면 죽는것도 아닌데 왜 굳이 미련도 못버리고 험한동네  위험한 동네에 남아서 주차는 더럽게 멀리가서 하고OO이네....영화는 처음부터 끝까지 고구마고 상황상황마다 씨발 욕나오게 만들고 .... 이영화 찍은 감독영화는 진짜 다시안볼꺼임 시간더럽게 아깝네  하....씨발 성격만 더 더러워지고 공짜로 보여줘도 시간아까워서 보기싫을정도임, 권오승씨 다시는 영화찍지마세요 배우들 시간뺏지맙시다 ",1
007 스카이폴,M의 죽음이 어이없지도 과장되지도 않게 묵묵히 잘그림. ,10
모가디슈,"신파극까지 않는 감정선, 스릴 넘치는 탈출, ",10
더 수어사이드 스쿼드,예??? 알바가 많은걸로.... ,1
모가디슈,역시 조인성이다. 눈을 뗄 수 없는 멋짐 ,10
모가디슈,오랜만에 정말 재밌게 본 영화 ,10
모가디슈,오랜만에 몰입감높은 한국영화 개봉했네요무조건 극장에서 보는걸 추천합니다. ,9
발신제한,기억에 남는건 제네시스뿐.. 한시간반 광고본듯 ,2
모가디슈,오랜만에 극장에서 영화다운 영화를 봤네요.. 응원합니다!! 얼른 코로나가 종식되길 ㅜㅜ ,10
더 수어사이드 스쿼드,일단 감독 작가 제작자 줄빠따 맞고시작하자.또 닦냐? 닦기영화 전문이야?알바 풀어서 평점 올리지 마라 ,1
모가디슈,기대보다 별로가 아닌 그냥 별로 ,5
엣지 오브 투모로우,진짜 헐리웃 영화를 보고싶은 사람들한테 추천 ,10
걸스 오브 막시,감동적인 여성들의 하이틴! ,10
어바웃 타임,인생 최고의 로맨스영화 ,10
인디펜던스 데이: 리써전스,개같은 짱개들 많이 나와서 걸렀음 ,2
발신제한,한마디로 굿입니다. 제목이 발신제한이어 걍 전화 발신하다 받아 말아 유괴?사건인가 하다 또 실화?를 바탕으로 또 생각하게 하는..넘 잘봤습니다. ,10
모가디슈,"곧 출산을 앞둔 임산부예요. 코로나로 고민하다가 용기내 영화관 찾았는데, 후회없는 시간이였네요!  오랜만에 집중해서  정말 재밌게 본 영화예요! 약간 졸린 상태로 영화관 가서 걱정했는데 졸 틈도 없이 영화가 끝나 있었네요!! 코로나로 여러가지 제한 적인게 많은 일상생활이지만,  얼마만의 영화관을 찾았는지 설레고 영화까지 재밌으니 더욱더  즐거운 시간이였어요.조심조심 하면서 즐겁게 볼수 있는 영화 같아요! 추천합니다 ",10
분노의 질주: 더 얼티메이트,전작들 욕먹일정도로 개연성도 없고 개노잼 ,2
광주비디오: 사라진 4시간,좌파들의 선동용 '영화'가 아닌 '쓰레기' ,1
그린 나이트,큰 기대는 안했는데 새로워서 만족! ,9
블랙 위도우,아무리 액션영화라지만 이건뭐... 재미도없고 감동도없고... 스토리좀 잘 짜지 돈 많이들여서 이게뭐람 ,2
모가디슈,"전쟁의 무서움, 소년병에 대한 실태, 서로다른체제속에 살아가는 남북한의 괴리, 소말리아 내전당시의 모습 등을 담아주어서 역사적으로도 뜻깊은 영화가 되었던것같습니다. 또, 영화상영내내 스릴감이 넘쳐흘렀던지라 더더욱 영화에 집중하고 보게되었습니다.역사에 관심이 많으시거나 아니면 스릴감넘치는 영화를 좋아하신다면 이 영화를 추천드립니다. ㅎㅎ ",9
모가디슈,근래에 가장 돈 아깝지 않은 영화였다.코로나가 아니였으면 천만도 가능했을 것 같다. ,10
더 수어사이드 스쿼드,조커는 살고 나머지는 반복되는 DC의 자살 ,2
하이큐!! 땅 VS 하늘,46분 런닝타임... 실화냐.. ,1
모가디슈,영화 보는 내내 드는 생각들. 손익분기점 높겠다... 제작비 정말 많이 들었겠다... 국내도 아니고 해외인데 정말 찍기 힘들었겠다... 그만큼 연출이나 전체적인 분위기는 놀라웠던 영화였지만 극중 내내 부족했던 2%가 영화가 끝날때까지 채워지지 않는 느낌이라 아쉬웠다. ,8
메기,영화가 가벼운 분위기로 연출되고 여러 에피소드를 풀어내서 그런지 무슨 말을 하고 싶은지 이해가 안되어서 꺼버렸습니다 ,2
쓰리 빌보드,스토리와 영상이 좋다. ,8
모가디슈,굿굿  가볍게 보기 좋음~~ ,10
쓰리 데이즈,오랜만에 쫄깃하게 본 영화일반인이 계획하고 실행하는거라 공감이 가서 더 몰입하고 보게 된 것 같다 ,10
랑종,이정도로 저평가받을 영화가 결코 아니다 ,10
맨체스터 바이 더 씨,너무 큰 상처는 치유되지 않는다. 그저 삶은 계속되니까 그런척 하며 애쓰고 살아가는게 최선이다. 언젠간 덮어지겠지 바라고 바라며 말이다. ,9
모가디슈,"와우, 강추~~~연출도 깔끔했고,주연급들 배우 뿐만 아니라, 조연이나 엑스트라(아이들을 포함한 흑인 출연자들) 배우들의 연기도 자연스러웠다.오랜만에 재미와 깊이를 둘 다 선보인 영화… ",9
모가디슈,재밌음 재밌음 추천 추천 추천 ,10
호텔 뭄바이,몰입력대박 개존잼 추천 ,10
모가디슈,오랜만에 볼만한 역대급 최고의 한국영화! ,10
더 수어사이드 스쿼드,영화보면서 미쳤다는 말을 한 수십번 하면서 본거 같네요그냥 영화가 미쳤어요 ,8
12 솔져스,꼭 보세요..끝판왕입니다.. ,10
더 수어사이드 스쿼드,진심으로 평론가들 뇌 열어보고 싶다. 진심 사람일까 싶음. ,1
모가디슈,배우진들의 연기와 훌륭한 스토리의 전개로 때로는 긴장감있게 때로는 재밌게 짜임새 있는 영화 잘 보았습니다. ,9
모가디슈,오랜만에진짜재밌게 영화봤습니다 많은것이느껴졌습니다 ,10
아이 필 프리티,귀엽고 사랑스러운 영화. ,8
모가디슈,인성오빠보려고 봤는데 무슨내용인지 모르고 봤어요..근데..넘 내용이 감동적이고 왠지모르게 슬픈느낌이 드네요^^ 감동감동 ,10
더 수어사이드 스쿼드,영화 후반부에 랫캐쳐가 만들어낸 장면은 눈물흘린 영화 분위기가 아닌데도 괜히 감동적이고 멋지더라...그장면 하나만으로도 이영화를 볼가치가 충분하다. ,10
인생은 아름다워,재치가 뛰어났다. 코믹과 학살의 슬픔이 공존해따ㅠ ,10
아이 캔 스피크,"포스터가 그냥 억지 코믹영화인줄-0-스토리,연출,연기 다 좋네요!! 너무 잘봤습니다. ",10
모가디슈,솔직히 별 생각없이 보러 갔는데 상상 이상의 스토리를 보여줘서 놀랐다.실화에서 각색을 많이 하지 않은것도 좋았고 짜내는 감동이 없어서 좋았다. ,10
모가디슈,너모 재밌었습니다!감사해요! ,10
더 수어사이드 스쿼드,존잼화려하고 볼 거 많고 매력있음 ,10
웬디,연기력 영상미 재해석 모두 좋았네요. 어린시절 피터팬을 읽었던 어른들에게 보내는 피터팬의 110주년 생일파티에 초대장 느낌. ,8
스토어웨이,망작 그 자체.감독이 이야기하고자 하는 바를 전혀 모르겠고…. 고증은 이미 안드로메다로… ,1
모가디슈,정말 재밌게 봤어요! 두시간 순삭이에요~ 영상미도 뛰어나고 연기력도 다 뛰어났어요 ,10
블랙 위도우,생각 없이 봤다가 박수치고 나온 영화 ,10
죄 많은 소녀,여고생에 대한 판타지를 그냥 영화로 만드셨네요...^^ 난데없이 여자애들끼리 키스를 하질 않나 여고생이 남자 선생한테 무슨 허벅지 만져보실래요 이딴 소리를 하질 않나 개사이코같은 장면만 수두룩하네용 연기자들 연기력이 아깝다 ,1
아카이브,<엑스 마키나> 너무 비슷하다  아카이브 잼나게 감상하셧다면 비교하면서 함 보셔도 좋을듯 ,6
모가디슈,남편과 오랜만에 영화보러 갔는데..정말 대만족하고 나왔습니다.이야기 구성도 좋고 연기도 좋았습니다^^ ,10
모가디슈,기대안하고봤는데 재밋엇어요 억지신파없어서 좋앗고 빨리빨리 진행되는 스토리에 지루할 틈이없음 굿 ,10
체르노빌: 원전 대폭발,남주 무지 잘 생김소련 러시아 영화좀 신선하긴 했음 원폭영화실화바탕 보는 내내 바이러스감염은무섭다는걸 또 느끼게 됨 팬데믹코로나19 모두 경각심 갖고방심 하지말고 이겨냅시다 ,9
모가디슈,유일한 단점 한가지 먼저 말하자면 조인성이 너무 사기만능캐로 나와서 약간 동화같다고 해야하나 뭔가 현실성이 떨어지는 느낌이 있음. 나머지는 크게 흠잡을게 없는 영화로 많은 사람들이 평점에서 감탄했듯이 후반 카체이싱 장면은 역대 한국영화 중 그냥 압도적으로 최고다.(대신 너무 짧다.). 인물 간 국가간 갈등요소가 끊임없이 다양하게 나와서 후반 하이라이트(카체이싱)까지 긴장의 끈이 팽팽하게 유지되는게 가장 장점이라고 생각함. ,9
더 킹: 헨리 5세,2시간짜리 영화임에도 지루하지 않게 연출함 ,8
모가디슈,진짜 억지감동아니거 시간가는줄 모르고 봄!!!! 캐추천!! ,10
그린 나이트,영화를 끝까지 보게 하는 매력이 있고 영상미가 멋있어서 극장에서 볼 맛 제대로 나네요ㅋㅋ ,10
모가디슈,잼잼 정만식배우님때문에 알게되어 봤는데 재밌어요ㅜㅜ ,10
낙원의 밤,"금방 온댔어요홍,,! 기다리라했는데에엥!! ",10
모가디슈,잘만든 영화! 좋은 배우들 ,10
더 수어사이드 스쿼드,냉소적인 로맨시스트의 영화. 세상엔 더럽고 소외된 것들이 많지만 가끔 그것들에 눈을 감지 않고 지켜보면 분명 아름다운 것들도 그 와중 찾아낼 수 있을 거라는 영화.영상미가 좋고 상영시간이 긴만큼 늘어지는 부분도 있지만 분명 재밌는 영화입니다. 전  결말근처 끝에 울었는데 대체 왜 울었는지ㅋㅋ모르겠지만 감동요소도 꽤 있고요 ,8
작전,북한은 2020년 4월 총선에 큰 관심을 나타냈다. 2019년 6월에 “다음 총선에서 자한당(자유한국당)을 참패에 몰아넣고 그 책임을 황교안에게 들씌워 정치적으로 매장해버리는 것을 기본 전략으로 틀어쥐고 나가야 한다”고 지시했다. 2020년 2월에는 “보수 패거리들이 박근혜 동정론을 확산시켜 불리한 세력구도를 역전시키려 한다”며 반보수 투쟁을 강조했다. ,1
블랙핑크 더 무비,보면서 너무 행복했어요 ,10
모가디슈,"류승완  연출, 영상미, 연기, 스토리 모두 만점 드립니다. 정말 고마운 감상 했습니다. ",10
가을의 전설,20대때 처음 봤을땐 좀 지루했던것 같고30대때도 영상이 기억에 남았고40대때는 막장인가? 했는데50대가 되어 두 번째 본 오늘 아 100번쯤 볼 수도 있겠다 싶다내 인생 영화이며 브래드 피트 영화 중에서도 최고다!!  이 여운은 쉽게 지워지지 않을듯하다 ,10
분노의 질주: 더 얼티메이트,이제는 하다하다 우주도 가는구나. . ,6
더 수어사이드 스쿼드,댓글 알바 대단하다정말 매니아가 아니라면 . 이건 뭐 관객을 가마니로 보나 이걸 추천하는 기자는 또 뭐니앞뒤 맥락없고 12세이하 유치한 연기와 억지 신파로 인해 스크린을 향해  욕이라도 쏟아붓고 싶었다 ,2
더 수어사이드 스쿼드,"평점을 충분히 보고 감상했는데 좀 느낌이 다르다. 데드풀보다는 킹스맨에 가깝고, 수어사이드 스쿼드1보다는 버즈 오브 프레이에 가깝고 가디언즈 오브 갤럭시보다는 토르 라그나로크에 가깝다. 그리고 많은 평점에서 나왔던 것처럼 생각보다 무거운 영화이다. 그래도 제임스 건하면 기대하는 맛깔나는 ost, 틈새유머, 죽이는 영상미/액션은 다 있다. ",8
럭키,ㅋㅋㅋ유쾌한 영화에요. ,10
더 수어사이드 스쿼드,진짜 재미없네-- 재미없다 드럽게 재미없다. 도저히 집중할수 없는 영화임 개판 난장판임 나는 그렇게 느낌 평론가는 뭘 도대체 평론하는거냐? 기본적인 영화 완성도를 봐라. 어쭙잖은 지식으로 씨부리는거 왜 이렇게 역겨움 아 그게 평론가라서 그런건가 영화 완성도는 볼줄 모르는구나ㅋㅋㅋ ,1
쥬라기 공원,늦게 태어나서 이걸 못 봤다는 것이 한일 정도로 영상 퀄리티가 뛰어났고  스토리가 흥미진진했던 것 같다. ,10
블랙 위도우,이제 마블 영화 단물 다 빠진거 같음 ㅋㅋㅋ ㅠ ,6
하치 이야기,감명깊고 뜻깊은 영화에요실화를 바탕으로 연기도 너무 잘하셨고 마음 따뜻해지고 안타깝기도 했네요 ,10
모가디슈,후기: k-매드맥스 !! ,10
새콤달콤,재미있습니다. 여기를 모두 잘하네요.특히 여자 주인공 연기 좋아요. ,10
그린 나이트,고전동화를 읽는 것 같았던 영화 ,8
모가디슈,액션이 너무 과해서 현실성이 적은편. ,8
맨 온 파이어,최고다 모든 완벽~ 묵직하게 가슴을때리네 ,10
디바,흡입력 있는 심리 스릴러. 여운이 남는 결말. 단점도 분명 있었지만 장점이 훨씬 많은 영화입니다. 영화의 전체적인 만듦새와 배우들의 연기 모두 좋았습니다. ,9
더 수어사이드 스쿼드,음악하고 영상미가 최고였다. ,10
그린 나이트,넘 인상적이에요^^ ,10
발신제한,회사의 소모품으로 살아가야 하는 현실이 슬프다. ,8
숀더쉽 더 무비: 꼬마 외계인 룰라!,스톱모션 영화를 좋아해서 재밌게 봤어요 ,8
모가디슈,주제가 명확한 이야기 ,7
피닉스,전쟁이후를 다룬 영화치고 무겁지 않으면서도 여러가지 의미를 담으려한 감독의 의지가 엿보였다. 얼굴을 잃어버린 여인과 한 부부의 삶을 시대상으로 잘 녹여냈다. 묘한 긴장감 끝 마지막 씬이 사실상의 클라이막스 ,10
내 여자친구를 소개합니다,명우야ㅠ ,10
모가디슈,코로나로 영화를 많이 못봐서 큰맘 먹고 보았음.역이 믿고보는 연기자 다수 너무 재밌게 보았음. ,10
더 수어사이드 스쿼드,전개가 엄청 빨라서 지루한틈 한번도안줍니다 액션에 액션 ㅋㅋ 거기다 음악도 좋아서 진짜 신나게볼수있는 영화 ,10
럭키,"제 이상형은 유해진씨 같은 매력부자라고 늘 말하고 다니는데, 유해진씨의 매력을 알고 영화 내주신 제작사, 감독님 감사합니다!!ㅋㅋ 유해진씨 능청스러운 연기에 쓰러집니다 ㅋㅋㅋ ",10
모가디슈,오우~  보는내내 시원하고 재밌었음 ,10
첨밀밀,소정이 젤 불쌍 소군 멍청이 ㅜㅜㅜㅜ 그래도 찐사랑 해서 부럽다 영화의 모든 사람들이 각자의 사랑방식으로 사랑을 하고있다 ㅜㅜ ,10
발신제한,"기대 이상으로 재미있게 킬링 타임용으로 잘 봤습니다. 용의자 소재에서 살짝 인과관계가 잘 안 느껴지긴 했지만, 긴박감을 느끼게 하는 연출미와 연기력이 좋았다고 생각합니다. 코로나만 아니면 극장가에서 꽤 관객들을 끌었을 텐데 아쉽네요. ",9
더 수어사이드 스쿼드,이런 B급 갬성 좋아 ㅋㅋㅋ 왠지 킹스맨이 떠오르는 영화랄까?? ,10
더 그레이트 샤크,이 영화의 최대 문제는 공포 영화임에도 전혀 무섭지가 않다는 점 ,3
모가디슈,진짜 진짜 재밌슈 꼭 보슈 ,10
모가디슈,"배우분들 다 연기 너무 잘하시고 기대 이상으로 재밌어요!!! 나 구교환 배우님 좋아하네,, ",10
라이프,숨겨진 코스믹 호러 수작 ,10
모가디슈,조인성과 김윤석의 캐미 허준호의 카리스마 잘봤어요 ,10
모가디슈,"오늘 보고왔는데 처음부터 끝까지 몰입 장난아니고 연출, 연기 너무 좋았습니다. ",10
야쿠자와 가족,굿굿굿굿 야쿠자 박멸스토리 ,10
도어락,진짜 이건 쪼옴...무리하지 않고 현실적으로 만들었으면 무서웠을텐데 ,1
그린 나이트,어두운 여정을 품위와 명예로 밝히며 살아가라는 주제가 너무 좋았습니다 오랜만에 의미있는 영화 봤어요~~ ,10
발신제한,제네시스가 이쁘긴한가보네 ㅋ 차광고라 노래를 부르네 ㅋㅋ  그럼뭐 리어카타고 영화찍으리? ,8
예스터데이,비틀즈 전기영화는 아니니 알고 보시라. 가리려해도 가려지지않는 명곡들이 잘배열되어있슴. 삭제씬인 something이 아쉬움. ,8
특전 유보트,"아버지와 약간은 어색한 사이인데 이거 같이 끝까지 보고, 아직도 그 허무함에 대해 얘기를 나누며 웃습니다. 영화는 분명 명작입니다. ",10
블랙 위도우,불위그동안ㅅㄱㅅㄱ언 ,9
발신제한,스토리자체는 괜찮은듯 싶으나 왜 폭탄이 설치되어있는 차에 다시 딸을 조수석에 안친것은 현실적으로 이해가 안되는 부분이라 아쉽네요 ,6
모가디슈,괜괜ㅊㄱㅅㅇ ,8
모가디슈,예고편도 안보고 기대도 안하고 봤는데 진짜 재밌음 ,8
"그 시절, 우리가 좋아했던 소녀",이해할수있는 그 시절~~^^ ,9
내가 살인범이다,또 봐도 너무 재밌습니다^^ ,10
세렌디피티,Too much 우연 but 주연배우들의 좋은 연기 ,8
"좋은 놈, 나쁜 놈, 이상한 놈",재밌는데 오랜만에봐도 ㅋ ,10
엽기적인 그녀,"여운이 많이 남는 영화, 2년 후에 다시 보고싶다 ",10
모가디슈,몇년 동안 본 영화중최고 ㅠ 구교환 배우님한테 반함 ,10
분노의 질주: 더 얼티메이트,뇌가있으면 보면 허탈해짐 ,1
극장판 도라에몽: 진구의 신공룡,진짜 여러분들 한번 봐 보세요  너무 재미가 있어서 눈물이 나올 정도입니다 ,10
라이트 아웃,결말이 아쉽긴 하나 볼만했음 ,8
모가디슈,잘봤습니다 제가 현장에 있는듯한 느낌에 작위적인 눈물짜내기도 거의 없었던 것 같아요 재밌게 봤습니다 !! ,10
모가디슈,가족들과 다함께 보고 왔습니다.너무 재밌게 잘 봤습니다. ,10
더 수어사이드 스쿼드,그냥 평범해요 액션 재밌어요 불가사리 외계인 뭔가 유치 ㅋㅋ ,7
더 수어사이드 스쿼드,내가뭘본거지... 흑인고추 백인고추 흑인 죽으면서 흔들린 고추가 잊혀지지 않아 ,2
모가디슈,실화 일줄 이야...재미있어요 ,10
더 수어사이드 스쿼드,제임스건이 감독하니 가오갤 냄새가 나지만 충분히 만족! 랫캐처는 쥐를 이용해 싸우는 장면에서 플래그테일 느낌 ,9
얼라이드,"인간 아니  사람이 사랑한데,부모가 자식을 사랑하는데그 무엇이 있을지요.. 감동. ",10
내가 살인범이다,지금 보고있는데 요즘 나온 영화라고해도 될것같음 스토리랑 대사도 그렇고 배우들 연기도 좋음 ,10
괴물의 아이,역시 만화최강일본... ,10
블랙 위도우,기대 이하라는 평을 봐서 맘을 비웠더니 볼 만 했어요ㅎ 액션신은 강렬했고 연기력도 몰입됐네요 ,8
더 수어사이드 스쿼드,세바스천 진짜 핵귀요미 ,8
은하철도의 꿈,전쟁 일으키고 자기민족 고생하는건 당연한거 아닌가? 승리했다면 저런 피해도 없고 승리하려  전쟁일으키고 지들 국민들 잘살았으면 이런 피해자코프레스 할일없었겠지 !우리만 억울하게 분단되고 더 화만  돋구는 만화 ?왜 어린이도서관에 이런게 있어서 괜히 대여했네 ,1
더 수어사이드 스쿼드,돌아이 美친영화..  데드풀 DC판 ㅋㅋㅋ ,8
사냥의 시간,연기빼고 다쓰레기라보면되네한은 총10발이상맞고 물에빠졌는데 살았다고?과다출혈로사망하는데20초도안걸리것다ㅋㅋ아무내용도 감동도없다연기만볼만하고 ,1
모가디슈,오랜만에 재밌게 본 영화 ,8
블랙 위도우,미첬다 별 기대안했는데 입벌리고 나왔음. ㄹㅇ 알바아님 ,10
그린 나이트,몽환적ㅠㅠ 볼수록 주인공에게 집중하게 된다.. ,9
모가디슈,정말 오랜만에 영화관에 앉아서 엔딩크레딧 올라가는걸 지켜보게 만든..끝나고 여운이 남는 영화였네요..배우들의 연기도 자연스러웠고..스토리도 좋았습니다~킬링타임용일거라 생각했으나 예상보다 훨씬 좋았음~! ,9
덕구,묻지도 따지지도 말고 보시길… ,10
콰이어트 플레이스 2,여전히 쫄긴한 긴장감... 상영시간이 짧게만 느껴진다. ,9
모가디슈,소재도 흥미롭고 넘 재밌었습니다. ,10
모가디슈,진짜 재밌음 일단 할리우드 생각날정도로 연출 연기 개쩜 진심 한국영화라고 의심하지말고 그시간에 걍 보셈 ,10
컨저링 3: 악마가 시켰다,전작보다는 다소 아쉬우나... 그래서 시리즈는 순항중~ ,8
모가디슈,남북의 협력보다는 총을 든 아이들의 순수한 광기가 잊히지 않음.... ,8
그린 나이트,재밌게 잘봤어요 또 보러 갈겁니다 ,10
모가디슈,나중에  실화였다는 사실을 알고 더더욱  감동이였슴니다 ,10
더 수어사이드 스쿼드,중반부터 감독이 바뀐거죠? 건 형님 어디갔어요? ,6
모가디슈,뻔하지만 재밌는걸 어떻게 ㅜㅜ 실화인점에도 감동 ... ,10
더 수어사이드 스쿼드,할리퀸이 다했다..  난잡하고 유치한데 잔인함 ,6
쉘 위 댄스,스기하라의 열정과 노력은 현대를 사는 우리에게 귀감이 되었다 ,10
늦여름,연기도 좋구요 ost가 정말 좋네요 늦여름 영화처럼 설레이는 가을에 대한 기대감같은 영화예요 마지막에 환하게 웃는 장면 너무 좋아요 ,9
더 수어사이드 스쿼드,핵노잼 핵노잼 진짜 핵노잼. 진심 핵노 ,4
모가디슈,영화보는내내 같이 소말리아에 갇혀있다 탈출한 느낌이었어요 ,10
더 수어사이드 스쿼드,블랙위도우랑 평점 바꿔라   마블버프 영화는 이제 지겹다  겁나잼난다 ,9
모가디슈,아무 생각없이 보러 갔다가 감동받고 왔습니다 신파없고 덤덤히 그려낸 남북화합 미래엔 꼭 희망해봅니다 ,10
래버너스,평생 본 좀비 영화중 가장 최악. 스토리 개연성 연출 모든게 별로. 재미도 없는데 한없이 진지하고 느려터지기만한 연출. 예술병 걸린 감독의 이상한 떡밥이랑 열린 결말만 남음. 킬링타임용으로도 추천 안함. 그나마 상황파악 못하는 찐따 한마리 정의구현할땐 통쾌. ,1
날씨의 아이,일본감성이 별로임. 너의 이름은 만 못하다. ,2
모가디슈,오롯이 탈출에만 집중한 깔끔한 영화. 감독님 군함도보단 이렇게... 덧. 오랜만에 괜찮았던 구교환 배우 활용법 ,8
맨츄리안 켄디데이트,흠 스토리는 좋으나 마무리가 엥? 이런느낌정리를 하려다 시간때문에 급히 끝내는 느낌을 받음 소재도 좋고 배우들의 연기도 좋았으나뭔가 아쉬움이 남는다.몰입력과 배우들의 연기력 다 좋으나 아쉬움 ,7
랑종,보는내내 역겨웠음 불쾌하게 만들고 굳이 넣지말아도 될것을 자꾸 넣고 영화중간에 나가고싶었음 개불쾌 ㅡㅡ ,1
럭키,전혜빈을 보며 배우가 되는게 얼마나 어려운가를 깨닫는다. ,7
킬러의 보디가드 2: 킬러의 와이프,걍걍걍그냥잼있다^^ ,10
더 울프 오브 월 스트리트,월가의 추악함과 인간의 탐욕을 스콜세지의 연출과 디카프리오의 명연기로 담아낸 영화. 마지막 씬에서 수없이 많은 잘못을 저지른 디카프리오의 강연을 듣기 위해 찾아온 청중은 우리의 모습이 아닐까. ,10
모가디슈,와 코로나 시작하고 오랜만에 제대로 된 영화본듯.자칫 식상할뻔한 내용으로 전혀 의식 못 하고 끝까지 몰입감 있게 봄 ,10
모가디슈,"화려한 액션이나 스릴, 반전보다는 남북통일을 왜 해야 하는지 일깨워주는 가슴 아픈이야기... 우리역사의 비극을 생각하게 해 주네요. ",9
미나리,상을 받은 이유가 뭐지?시간이 아깝다. ,2
더 수어사이드 스쿼드,유쾌하고 멋진 잔인함. 할리퀸 원툴로 노잼 서사 꾸역꾸역 억지 전개하던 전작과는 달리 각각의 비중을 재미나게 나눠주면서도 할리퀸의 매력은 오히려 전작보다 올라간 듯 하다. dc도 할때는 할 수 있다는 걸 보여준 스타일리쉬한 b급 영화. ,9
모가디슈,배우들 연기도 자연스러웠고 보는 제가다 긴박했어요!! ,10
변신,아아아~ 첨엔 그럴듯 했지. 근데 왜 이 가족은 서로 이야기를 안하며 왜 각자 따로 노는 것인가. 왜 둘째는 안찾으며 먼길 비행기 타고 오신 신부님들은 왜 그렇게 속수무책으로 비명횡사하고 만것인가. 그리고. 그 와중. 삼촌이 구마 사제라는 기막힌 우연 혹은 필연. 아아 뭔가 답답한데 배우들 연기는 잘해. ,4
걸어도 걸어도,30년전에 봤으면 좋은 영화라고 했겠지만 너무 진부하다 ,2
그린 나이트,영상미 좋고 생각할 거리도 던져주는 영화 ,10
컨저링: 귀신의 집,개열받네 진짜로ㅡㅡ 아 내돈 ,1
오리엔트 특급 살인,탐정이 관객은 철저히 배제하고 지혼자 추리함. 결말은 거의 감수성 만렙의 경지.. 이해할수 없는 그들의 발상에 아찔했다. ,1
청춘 돼지는 꿈꾸는 소녀의 꿈을 꾸지 않는다,중간중간 감동적인 부분도 많고 진짜 최고입니다ㅠㅠ ,10
그린 나이트,시간 가는 줄 모르고 봤고 엔딩은 최고다! ,10
모가디슈,진짜 연기력 bb 그와중에 배경 너무 예쁘고 ㅠ ,10
뽀로로 극장판 공룡섬 대모험,좀 재미없습니다.~~~ ,6
모가디슈,진짜 이 영화는 미쳤습니다 꼭 보세요 진짜 구교환 너무 잘생기고 조인성 진짜 너무 잘생겼습니다 꼭 보세요 ,10
인비저블맨,어그로가 좀 있었으면 더 재밌었겠다. 수트라고 생각하니까 무서움이 덜 했다. 그래도 잘 봤다. ,10
모추어리 컬렉션,이런 스타일의 영화들을 좋아해서 그런지 만족했네요 특히 여배우가 이뻐서... ㅋㅋ ,8
방황하는 칼날,내용도 가슴아프지만두 남배우의 연기가 ㄴㅓ무좋았어요8년 전 영화인데 왜 이제야 봤나 싶은.. 요즘 청소년범죄가 점점 잔혹해지고그 연령대가 어려지는만큼공감되고 법이 안타까운 영화입니다 ,10
더 수어사이드 스쿼드,"대형 제작사 작품이라는게 믿기지 않을 정도로 너무 3류스러웠어요.. 개연성, 재미없는 유머, 공감안되는 억지 감성등.. ",1
아이 씨 유,허술하고 뜬금없다.. ,4
더 수어사이드 스쿼드,이 연관성없이 불쑥불쑥 튀어나오는 감동스토리는 무엇.. ,2
제8일의 밤,오랜만에 인생에 대해 깊히 생각하게 하네요  공포영화로 접근하면 안될듯 ,8
모가디슈,진짜 재밌음 또 보고싶음 추천 할만 함 오랜만에 좋은 영화 나왔네용 ,10
모가디슈,남북한 문제는 미묘해서 다루기 쉽지않은데... 부드럽게 처리하며 주제를 독자이해의 몫으로 남겨놓았다는느낌을  받았습니다. 간간히삽입된 긴장이나 갈등. 코믹요소도좋았구요. 배우님들의  연기나카메라.음향모두 좋아요 ,10
인터스텔라,"이 영화가 개봉되었을 때, 영화관에서 본 적이 있다. 그때는 나이가 어려, 내용도 이해 못했고, 큰 감흥이 없었다.최근 우주의 신비함을 유투브로 깨닫다가, 문득 넷플릭스에서 우주 관련 내용을 검색하다 발견한인터스텔라.다시 본 영화는 말그대로 감동 그자체였다. 시간이 얼마나 소중한지,( 타행성에서의 1시간이 지구에서 무려 7년 ㄷㄷㄷ) 우리는 얼마나 온 우주에 있어서 하찮은 존재인지,주위의 작은 의미도 귀담아 듣고, 눈여겨 볼 필요가 있지 않은지악역으로 나온 만 박사였지만, 홀로 아무도 없는 미지의 공간에서 감히 상상도 할 수 없는 두려움과공포를 느꼈을 텐데,,, 그가 버튼을 누른 심정은 천번 만번도 이해할 법하다. 마지막 장면은 아무리 보아도 주옥같다.상대성 시간에 의해 브랜드보다 훨씬 늙어버린 딸 머피,,, 지구나이로 약 80년 만에 만난 부녀 상봉(3시간밖에 안된 영화였지만, 딸의 세월이 왜 이렇게 깊게 느껴지는지,,,)그리고 은하 어딘가에 홀로 떨어져있을 여주인공을 찾아 다시 출발하는 브랜드...영화에서 나오는 주인공 브랜드의 새로운 도전과 모험심, 그리고 리더십은 가히 존경스러웠고, 지금껏 사회에서 주어진 평안한 내 삶이 과연 내가 지향하는 곳인지 의문을 들게 하였다. 우린 어쩌면 우리가 원하는 세상속에 살고 있을지도 , 아닐지도 모른다. 그렇게 생각하면 만족하며 살아도 되지만,그렇지 않다면 영화속 주인공의 삶처럼 도전, 모험을 통해 남들이 누리지 못한 더욱 값진 인생을 모색해보는 것도 좋지 않을까,,,나이가 들면 들수록, 지금껏 해보지 못했던 무언가를 이루고픈 열망이 커져가는 이 시점에다시 본 인터스텔라는 나에게 큰 용기와 도전정신, 그리고 꺼내지 못해 온 잠재적인 에너지를 던져 주었다. ",10
럭키,이준 나오는 장면들은 다 짜증나욬ㅋ그만큼 잘 영화가 나와서 제가 짜증이 올라오는 거겠죸ㅋㅋ ,10
곰돌이 푸 - 티거 무비,어릴때 너무 좋아했어서 다시 보는데도 재밌고 영상미도 이뻐요 ,10
어웨이,마음으로 들은  무언의 메세지 ,10
내가 살인범이다,배우들의 연기와 감독의 연출력에 볼때마다 감탄하게되는 영화 ,10
랑종,너무재밋습니다 꼭 보세요 ,10
버드 박스,정신에 해롭지 않으면서 보는 내내 스릴감 있다. 세상을 보는 것이 좋은 것만은 아니라는 뜻인 듯 ,10
더 수어사이드 스쿼드,난 겁나 재미있게 봤음 ㅋㅋ ,10
더 수어사이드 스쿼드,기대감때문에 그런지 너무 지루함. 몇 몇 영상빼고는 솔직히 볼만한게 없음. ,2
분노의 질주: 홉스&쇼,빈 디젤만 없을 뿐 완벽한 분노의 질주! 사모아 40도의 날씨에도 절대 자켓을 벗지 않는 데카드 쇼는 취저ㅋㅋㅋ ,10
랑종,"상업영화(공포)  를 생각한다면 비추천. 예술성있는 독립영화라면 상위30%,7점짜리 영화는 되는듯. 영상미나 오디오 좋음. 실제 현장에 가서 보는듯함. 의미없는 장면은 없지만 정신없는 의도된 연출. 난해할 수 있는 스토리지만 생각할거리는 던져줌. 페미는 여자나오면 그냥 싫어하고 종교인은 신이 소재니까 싫어하고 애견인은 개가 나오니까 그냥 싫어해서 이렇게 평점이 박살난것 같기도? ",7
모가디슈,재밌네요 긴장감있구요 ,10
더 수어사이드 스쿼드,쓸데없이 잔인하고 더러움. 웃기지도 않은 개그코드. 그저 병맛스러울뿐. 스토리도 딱히 별다른 게 없음. 몇몇 대사는 이상함. 뭐라는지 모르겠음.  할리 퀸도 이제 3번째 보니 매력이 반감됨. DC는 진짜 힘든 길을 갈 듯. ,1
내 사랑,먹먹해지고 사랑의 묘약은... ,10
더 수어사이드 스쿼드,걍 재미없음 영화가 매력이 하나도없음 ,3
악질경찰,뜬금없고 아무 연관성도없는 세월호 ,2
간신,주인공들의 연기를 보며 감정이 절로 동화되는 영화였습니다 노출만이 이슈가 되어 평점이 짠건가 싶어 아쉽네요. 9점이 적당하지만 보너스로 1점 추가 10점 ,10
모가디슈,"류승완감독 영화인줄 모르고 봤다가..진짜 연출이 뛰어나는데 누구지?하면서 검색해보고 이마를 톡~ 쳤다는.,  배우들 연기는 두말할것도 없고 시간이 어찌 가는 줄 몰랐네요.. ",10
모가디슈,오랜만에. 영화같은 영화 재미있게 잘봤어요. 스토리 배우들 연기. 짱이네요. ,9
바람의 검심 최종장: 더 비기닝,최고의 완결 먹먹한 결말 ,10
모가디슈,넘 잼나요연기를 너무 잘해요 ,9
모가디슈,진짜 잘만든영화.  간만에.너무 재미있게 봤다. ,10
싱글라이더,안소희 연기좀....영화 몰입도 확떨어짐 ,6
모가디슈,배우들 연기가 너무 좋네요~! ,10
모가디슈,"트위터에 좌표찍힌듯것같아 진실평 남깁니다.  결론부터 말씀드리자면""1000만관객급 영화는 아닙니다""영상미와 연기는 상당히 좋았습니다만, 스토리상 억지로 끼워넣는듯한 느낌을 좀 많이받았는데요 북한에대한 미화가 ""극도로"" 심합니다. 집중에 방해될만큼요비평글에대해 고정적으로 비추하는분들 한국인 맞나 의심됩니다 ",8
모가디슈,실화라서 그런지처음부터 끝까지 스토리 탄탄하고지루할 틈이 없이 집중력 만점영화!! ,10
머신건 프리처,"전쟁은 여자와 아이들이 많은 피해를 본다, , 실화라는것에 대단하네, , ",10
네버랜드를 찾아서,"프레디 어린시절~~넘나 귀여운것ㅎㅎ 조니뎁 영화 여러편 본 초딩 아들~~못 알아봄. 얼굴이 넘 멀쩡해서ㅎㅎ 감동~~잔잔하지만, 빠져들어 봄. ",9
모가디슈,정만식 나온거 때문에 안봅니다 쓰레기같은 남현사상을 가진 페미를 옹호 해주는 배우가 나오는 영화 토악ㅈㄹ 나와서 못 보겠습니다 ,1
더 수어사이드 스쿼드,보다가 잣음 킹스맨 감독 너무 뻔하고 개인적으로 더럽게 재미없음 ,2
퍼니 게임,최고다 이게 영화다 이감독 꺼 다 봐야지 ,10
더 수어사이드 스쿼드,전작보다 훨씬 재미있다.마블보다 어쩌고 저쩌고하는데개인적으론 블랙위도우보다 훨씬 재미있드라 ,10
모가디슈,이 얼마만에 볼 만한 영화인가.. ,10
방법: 재차의,어색한 연기력 + 구구절절 설명. 오그라드는 부분이 많아 잠이 확 깰 때도 있으나 대체적으로 졸림. 연기는 좀비들이 제일 잘함. 무료표를 받아도 또 볼 생각 없음. ,2
모가디슈,조인성 개폼만 엄청 잡고 뚜드려 맞을 줄 알았는데.... ,8
블랙 위도우,내 인생 최고의 영화….나타샤 사랑해 ,10
어바웃 타임,이 영화는 로맨스 영화가 아니라 가족애와 인생의 의미에 더 비중을 둔 영화다. 특히 아버지와 작별하는 씬은 가장 눈물을 자아내게 하는 장면이다. ,10
돌멩이,김대명 외 주조연급들의 연기력이야 뭐 논할바는 아니라 생각된다 도데체 뭘 말하고 싶은건가? 강간미수범이 되었고 여자애는 멀쩡한데 진위조사 없이 석구는 범죄자가 됐다고? 보통 저런 경우 석구가 장애인이기때문에 더더욱 법의학이나 이런걸 동원해서 진위를 가리지 않나??  그냥 전형적인 신파극을 유도하려고 애쓴 감독의 의향은 알겠으나 뭘 얘기하고 싶은거야?쓰레기 양부모? 장애인에 대한 편견? 도무지 뭘 말하고 싶은건지... ,4
범죄도시,마동석 영화중에 제일 재밌어요. ,10
더 수어사이드 스쿼드,"제임스건 연출작답게 가오갤 느낌 팍팍 났음! 특히 적들 죽이는 장면에서 신나는 노래 나오는 그런 부분들이?! 거기에 예상치 못한 전개와 예상치 못한 캐릭터들,, 마블만 보다가 DC 보니까 새로웠음ㅎㅎ 그리고 일반 액션영화에선 총 쏘거나 칼 맞아도 안 죽는 경우가 많아서 엥?스러운게 많았는데, 여기선 시원시원하게 잘리고 터져서(?) 좋았음!! ",9
위대한 개츠비,영화는좋은데 데이지 우유부단오지네 ,10
더 수어사이드 스쿼드,절대 영화관에서 보지 말고 다운받아보세요 ,1
더 수어사이드 스쿼드,진짜 개노잼 보지마세여유치하고 졸림 ,1
악마를 보았다,2021년 지금도 가끔 생각나는 영화 ,10
미드나이트,"남/여 주인공 연기는 좋았으나, 중간 중간 이해 안가는 부분들이 많네요. 특히 경찰과 연관된 상황들이.... ",4
더 수어사이드 스쿼드,"와...이런것도 영화구나 보고 기분이 더러워짐 돈, 시간 많으시면 보시길 ",2
더 수어사이드 스쿼드,정말 유치한데 이런 영화에 돈을 쏟아붓는 미국사람들 신기하네요 더운날 2시간정도 영화관에서 더위 피하시고 싶을때 추천 드려요 ,2
랑종,"중반까지는 지루하긴한데 여주인공이 점점 미쳐가는게 보이는 괴이함이 느껴져서 좋았고, 그 이후부터는 공포스러운 분위기가 확 와닿아서 나쁘지 않았습니다. 기대를 하지않고 간거라면 매우 만족했을거같아요 ",7
이웃사람,마동석 영화중에서 이웃사람이 제일 재미 없어요. ,2
더 수어사이드 스쿼드,킹 샤크랑 쥐돌이 넘 귀엽다 ㅎㅎ ,8
더 수어사이드 스쿼드,DC는 유명한 몇몇 캐릭터들 말고는 잘 몰라서..족제비 나오고 상어 나오고 허접할거라 생각하고 기대 안하고 봤는데.왠 걸 1편보다 더 재밌게 봤네요^^.한줄평- 할리는 예뻤다?!?!?!?!?!?! ,10
모가디슈,"김윤석,조인성이 너무 투덜대는거빼면 보는내내 스릴잇고 긴장감잇엇음 ",8
더 수어사이드 스쿼드,DC유니버스중에 그남아 밀덕스러운 영화가 골로 갔어…..타르코프에서 배틀구라운드 된 느낌 ,4
모가디슈,구교환은 반도에서도 그러더니 운전만하면 죽네ㅜㅜ ,10
모가디슈,진짜 재미있었어요! 다시 보고 싶은 영화 ,10
모가디슈,오랜만에 영화관에서 볼만한 영화입니다 긴장되는 엑션신 연출과 더불어 실화를 바탕으로 스토리 라인도 탄탄하여 몰입도가 높았고 전반적으로 기대 이상이었습니다 ,9
더 수어사이드 스쿼드,제임스건 실망이네요 그냥 가디언즈만 찍어유 ,1
발신제한,8점인데  평점 낮아서 10점 드림 ,10
엘리자베스타운,"올랜도 블룸은 의외로 딱딱하고 단조로운 연기를 펼치지만, 커스틴 던스트의 발랄한 연기는 새로워서 눈길이 간다. 상실과 치유에 대해 무난하나 볼만한 내용을 전달하고 있다. ",6
이스케이프 룸 2: 노 웨이 아웃,1에 비해서 러닝타임이 짧아져서 아쉬웠지만 긴장감넘쳤어요! ,8
쇼생크 탈출,명작 이 두글자면 충분하다 ,10
모가디슈,그저 북 북 북 북한이랑 잘해보자고 선전하는 영화 ,1
더 수어사이드 스쿼드,와 정말 다른영화입니다..!일단 연출 센스가 미쳤습니다!! 청불이라서 잔인한 장면도 시원시원하게 보여주고 전반적으로 너무 만족..! 한번 더 보러 가도 될 정도입니당 ,9
모가디슈,2021 공동경비구역 JSA ,8
요가학원:죽음의쿤달리니,"쿤.... ,,,달리니? ",2
엘리자베스타운,누군가의 대타에서 자신과 추억을 찾아가는 여정 ,7
실크 로드,두개의 스토리가 재미있게 맞물려 돌아가는 수작 ,9
더 수어사이드 스쿼드,내가 원한 수스느낌 진짜 다모아놓음...최고야 ,10
CCTV,2002년걸 잘못 올린거 아니에요? 곽도원 좋아했는데 다시는 안봐 ,2
더 수어사이드 스쿼드,너무재미있었어요! 최고! 꼭봐야함~ 할리퀸최고 ,10
모가디슈,진짜 재밌어요 꼭 보세요……. ,10
새콤달콤,굿굿! 반전이있어서 핵 사이다 그리고 현실적인 연애 ,10
더 수어사이드 스쿼드,1편보다 훨씬 재밌어요~!시원시원한 액션 강추 ,10
모가디슈,"와 ... 재미있고 눈물도 나고... 전 김윤석, 허준호님과 소말리아군 잔상이... ",10
방법: 재차의,그래도 잼나게 봄^^   친구얌 재미나게 봤다 ㅋㄷ ,10
더 수어사이드 스쿼드,"탑: 킹 샤크 (체력 만렙 탱커, 문도박사)정글: 할리 퀸 (ㄹㅇ 독보적인 존재감 OOO, 헤으응 눈나)미드: 랫캐쳐2 (처음에는 쥐만 쓰는 미니마우스인줄 알았으나 후반에 불가사리 뚱이 잡을때 왕귀해서 그냥 쓸어담음 ㄹㅇ 재앙급 스킬 보유)원딜: 블러드스포트 (루시안, 보여줄때 보여주는 숟가락)서폿: 폴카 닷 맨 (안쓰러운 도구, 토쟁이) ",8
모가디슈,연기 구멍없음ㆍ 소말리아에 이런일이 있었는 줄 몰랐네요영화 잘봤습니다당수 ?배워야지^^ ,10
모가디슈,지루하지 않고 러닝타임 내내 시간 가는지 모르고 봤습니다 ,10
빛나는 순간,좋은영화임..다시볼거같음 ,10
모가디슈,북한빨아주는빨갱이영화 ,1
엽기적인 그녀,20년이 지난 후에 다시봐도 감동적이며 뭉클하네요 ,10
엽기적인 그녀,20년이 지난 후에 다시봐도 감동적이며 뭉클하네요 ,10
루카,가족들과 재밌고 감동있게 봤어요 ,10
모가디슈,가족들과 함께 너무 재밌게 잘 봤습니다???? ,10
모가디슈,진짜 꼭 극장가서 봐 보셈기다려서 집에서 보려고 하지말고 ,10
솔저 발터,"한국드라마 로드넘버원 도 보시길~전쟁이란, , 국가를 막론하고 모두가 슬프다, , ",10
모가디슈,보는내내 지루하지 않고 재미있았고 감동도 있었어요 ,10
발신제한,진짜 배우분들 연기가 ㅠ 최고였어요 ,10
모가디슈,"코로나만 아니면 천만관객 갔을 듯, 몰입도 높고 보는내내 지루하지 않고 스토리 좋고 인물 캐릭터도 잼있어요!! ",10
정글 크루즈,"진짜 핵노잼.. 제목은 정글인데 배경은 cg떡칠 나뭇가지뿐이고. 남 통수치기 좋아하는 라도 출신 드웨인존슨, 고집불통 페미나치 대깨문 여주랑 저능아 동생까지 캐릭터가 하나도 정이 안감 ",2
그때 그사람들,수꼴들의 염장을 지르는 역사적 사실에 관한 영화. ,9
리플리,책으로도 다시 보고 싶을 정도로 깊이 있는 스토리와 연기! 거짓말이 들통날 것 같은 순간엔 긴장감 최고!! ,9
사냥의 시간,배우구경 외에 재미따윈없다 ,1
"나, 다니엘 블레이크",인간이 인간으로서 존엄할 수 있는 삶이 이렇게 처절해야 하나. 다니엘 블레이크는 마지막까지 자존감을 잃지 않았다. ,10
모가디슈,실화를 바탕으로 현실감 있는 연출이 인상적이었고 감동까지 있는 인상 깊은 영화였습니다. 류승완 감독 작품은 믿고봐도 될거 같네요. ,10
모가디슈,나의 인생영화 어쩔 수 없이 헤어지는 남북의 현실 너무 잘 들어남.. ,10
모가디슈,억지 신파 없어서 좋았고 지루할 틈이 없었다 ,10
극장판 도라에몽: 진구의 신공룡,스토리 전개가 엄청 탄탄하고 재미있어요. 그리고 감동적이에요. ,10
레디 플레이어 원,참신한 가족오락영화 보는 재미가 있었다 ,7
모가디슈,자칫 과한 감동을 연출할 수 있는 남북을 절제된 연출과 연기로 표현한 것이 좋았다. 내전 상황을 실감나게 보여준 것도 좋았다. ,9
블랙 위도우,액션도 재밌고 첨이자 마지막인 블랙위도우 영화라 ㅠㅠ아쉬워요 ,10
정글 크루즈,가족 영화요즘 페미 영화가 참 많은 거 같네요그런 요소를 억지로 가족 영화에 넣은게 참 흠입니다 ,5
발신제한,ㅜㅜ 내시간돌려즈어..배우들이 아깝다 ,4
모가디슈,"시선의 절제, 쿠키영상 없는 깔끔한 마무리가 여운을 더 길게한다.최근에 봤던 개봉 영화 중에서 제일 재미있었던 것 같다 ",10
블랙 위도우,재밌어요 스칼렛요한슨 연기 잘함 ,10
극장판 도라에몽: 진구의 신공룡,도라에몽 극장판은 묘한.느낌이항상남 ,8
모가디슈,재밌다 천만까진아니고 오백만정도 ,10
블랙 위도우,요한슨 믿고 보긴봤으나 개연성이나 스토리가..음...기대를 좀하고봐선가 스케일 키울려고 노력한티는 나나 재미가 그닥없었네요ㅜㅜ ,6
잘리카투,이번달에 본 영화중에 가장 강렬했고 사운드와 영상미가 꼭 극장에서 봐야하는 수준이에요 ,8
정글 크루즈,무난함 그이상 그이하도 아닌 영화 ,6
초속5센티미터,추억은 추억으로 남기는 것이 가장 아름답다는 것을 보여준 영화 ,8
모가디슈,망할 코로나만 아니면 그냥 천만영화마지막 장면은 현실이라 더 가슴이 아픈ㅠ ,10
더 수어사이드 스쿼드,기대보다 재미없고 졸려 ,6
"구름의 저편, 약속의 장소",신카이 마코토 감독의 스타일이 확립된 영화 ,8
사이다처럼 말이 톡톡 솟아올라,"그냥 여름 그 자체인 영화.. 오글거리는 부분도 적어서 재미있게 잘 봤고 그냥 그림, OST, 스토리, 연출이 다 잘 어울려서 완성도도 높고 오랜만에 정말 오랜만에 본 것 같다.! ",10
강원도의 힘,뭔가 난해하지만 강원도의 힘이 무엇인지를 깨닫게 해주는 영화 ,6
블랙 위도우,세 번 봄 존잼 플로렌스 퓨의 대중성 장착 ,10
블랙 위도우,한 마디로 망작. 스토리도 대사도 수준 이하임. 스칼렛이 아깝다. ,5
보스 베이비,어릴 때 동생생겨서 관심사랑 다 빼앗겨 생겼던 질투를 디즈니식 상상력으로 신랄하게 그려낸 본격 귀욤액션심리극 ,9
완벽한 타인,재밌어요 한번쯤 해보고 싶은 게임입니다 ㅎㅎㅎ ,10
모가디슈,인성이 오빠는 진짜 연기도 잘하구나 ,10
클래식,넷플릭스에 있길래 다시 봤는데 언제봐도 명작이네요 ,10
모가디슈,처음엔 살짝 졸린감이 있었는데..갑자기 몰입감 쩔음~감동과 먹먹함이 고루 섞인듯한국인 이라면 꼭 봐야할 영화같음 ,10
모가디슈,요즘 영화 치고 질질 늘어뜨리지 않아서 좋았습니다 ,10
극장판 도라에몽: 진구의 신공룡,진구의 성장이 눈부신 정말 멋있고 재밌는 아동 애니의 끝판왕! ,10
성난황소,한국판테이큰. 그리고송지효는 ㅈㄴ예쁘다... ,10
모가디슈,꿀잼! 즐거운 두시간 관람 ,10
내가 살인범이다,일본판부터 봤는데오리지널이 진짜 제대로네 ,10
22년 후의 고백,오리지널 한국판에 10점주고 오는 길이다.각색을 개연성이 더 떨어지게 한점이나너무 정적인거에 각각 1점씩 뺀다 ,8
모가디슈,꿀잼. 기대 안 하고 보로 갔더니 너무 재밌었어요. Best movie I've seen so far during 2021. ,10
어웨이,격이 다른 애니메이션. ,10
언터처블: 1%의 우정,장애를 뛰어넘은 우정 ,10
더 수어사이드 스쿼드,스토리며 영상이며 너무 재밌네요 ㅋㅋㅋ ,10
정글 크루즈,디즈니는 언제나 옳아요 ㅎㅎ ,10
몬스터 헌터,"이거 보면서 스토리나 세계관, 전체적인 시나리오의 완성도를 신경쓰지않고 봐야한다라고 말하는 사람들은 이 영화가 더 높은 수순으로 나아가는 것을 막는 사람들이라고 생각합니다.  제발 좀 이상하다 싶으면 그냥 이상하다고 말해요 팬심으로 눈 가리고 아웅거리지 마시고 ",1
모가디슈,너무  재밌슈~~~오랜만에 CGV영화관 관람했슈...코로나인데? 영화관람? 그러면 내가 모가됐슈... ,10
모가디슈,정만식 개소리에 불매합니다. ,1
더 수어사이드 스쿼드,재미짐 ,8
더 스퀘어,상징성이 많은 영화. 신뢰와 책임에 대한 이야기가 스웨덴의 현실과 절묘하게 맞물려 있다. 무엇이 문명이고 무엇이 야만일까? ,8
프랑켄슈타인,이건  도입부를 꼭 봐야만 한다!!! ,10
콰이어트 플레이스 2,"이게 영화지. 소리, 긴장감으로 몰입도 있게 빠져들게 하는 ",10
모가디슈,연기고 연출이고 나발이고 그냥 극핵노잼.시간 아까움 ,2
모가디슈,충분히 좋은 영화. 기본 이상은 합니다. 코로나 아니였으면 800만 이상은 들었을 것 같네요. ,8
제인 도,"몰입감 최고 근데 스토리 개연성은,, 아무것도 안하는데 갖고노는 영화 ",6
스킨,백인우월주의에 대한 이야기라서 많은 공감은 아니지만 그냥 범죄로 보면 되겠다. 문신 함부로 하지 말자. ,7
더 수어사이드 스쿼드,킹스맨+데드풀+가오갤 ,10
더 그레이트 샤크,47제작진이 다시 모였..는지 모르겠을정도로 별로 ,2
라이더스 오브 저스티스,"살다보면 한번쯤은 생각하게 되는, 저사람은 왜? 이 일은 왜? 같은  '왜?'에 관한 철학적인 대답.  큰 기대 안했는데 최고였다. ",10
모가디슈,우리가 분단국가라는 것을 새삼 느끼게해주는 여운 남는 영화 ,10
정무문,당신이 그립습니다. ,10
모가디슈,네이버 평점 주는거중에 감동지수가 있네? 이거 없애라 이번에 한국영화에서 신파 줄이니까 개띵작이 되었다 긴장감 지리고 꼭보셈. 마지막에 감동지수 높인다고 포옹이나 통일하자!!우리는 한민족 이랬으면 진짜 2점 깠다. ,10
모가디슈,여운이 있고 몰입도는 높지만 너무 자극적임.. 그게 전쟁이긴 하지만.. ,6
남자가 사랑할 때,거 중구형 이거 장난이 너무 심한거 아니오 ,9
모가디슈,"리뷰알바 아니고, 진짜 재밌습니다말모말모 ",10
모가디슈,"마지막에 나만 눈물난 거 아니지,,,ㅠㅠ ",10
다키스트 아워,"난세에 영웅이 나온다고 한다.물론,영국이나 독일이나 일본이나 식민지에서 잔인하게 한건 여기에 안나온다.다만,영국입장에선 영웅이맞다.저런지도자를 가진 영국이 부러울뿐.. ",7
더 수어사이드 스쿼드,DC는 애니메이션이.. 답인듯하다.. 이제 실사는 손절하고 애니만 집중해야겠다.. ,6
보스 베이비,네가 1~~2다봣는데1보단2다근데 2나올줄 몰랏을때는 드림월스 드래곤길드리기하거 무슨 크루즈 이번에 세로나온 영화하고 비슷한정도 2는 드림월스내가생각하기론 1위이다 ,8
끝까지 간다,진짜 주인공 답답하네.. 근데 재밌다. ,9
엽기적인 그녀,내인생 26년 만에 처음으로 평점 쓰게 해준 영화교통사고로 입원중 넷플릭스로 봤는데 그동안 2000년대 한국 영화를 엄청 무시하고 그냥지나쳤는데 정말 마지막엔 울었다.. ㅜ 울리고 웃게하고 정말 인생 명작 영화 그누구보다 예쁘다전지현.. ,10
더 수어사이드 스쿼드,잼남 ,10
모가디슈,전형적인 한국형 영화가 아니었다. 뻔한 스토리도 아니었고 내전의 참혹함을 잘 보여준거같다. 굿 ,8
"힘을 내요, 미스터 리",눈물 평평ㅜ 감동적이예요 ,10
모가디슈,"남북관계에 신파는 뺐지만, 전형적인건 어쩔수 없네. 딱 킬링타임용 ",4
극장판 도라에몽: 진구의 신공룡,가슴이 따듯해집니다노래도 좋아요 ,10
더 파이브,이상하네요 영화보고 평점봤는데... 이영화는 분류를 하자면 드라마 아닐까요? 억지설정이라고 할수 있는 부분도 있지만 굉장히 심오한 심리를 연기한거같아 9.5점 드립니다 볼만했습니다 마지막 예술작품이 불타는 장면은 정말 굉장했어요 촬영미가 돋 보였습니다 감독님 굿 ,9
위플래쉬,"관용의 힘을 믿던 나는 재즈바 신에서 그 믿음에 균열을 내기 시작했고 마지막 플레쳐가 아닌 앤드류가 지휘를 이어 나갈 때(적어도 내겐 그렇게 보였다), 그것은 보기 좋게 잘려나갔다. ",10
박하사탕,설경구외 다른배우들연기는좋은데 연출 스토리가  ㅈ같음  욕밖에안나오네 진짜 평점조작이있구나 ,2
CCTV,오글거리는 발연기에 표정연기 하.. 80년대 중2병이 만들법한 연출.. 1점도 아깝다. ,1
모가디슈,지금 보고 나왔는데 스토리도 영상도 탄탄해서 간만에 영화다운 영화 봤습니다. ,10
모가디슈,조인성연기 최고고억지신파없는 스토리가 좋았어요코로나시국 마스크쓰고 극장 찾아갈만한가치 충분합니다 ,10
박하사탕,시대가 나의편은 아니였지만 주인공만 보면 정신줄 놓은 고문관의 일대기. 결국 남탓만 하다 연관된 모든이에게 민폐존재됨 ,2
더 수어사이드 스쿼드,B급 영화의 냄새가 풀풀나는 재미있는 블록버스터! 그동안에 DC는 감독이 문제였다는걸 보여주는 제임스 건! ,8
더 수어사이드 스쿼드,재밌습니다. 전작보다 백배는 나음. ,10
모가디슈,너무 잘만든 영화정치색을 떠나서 완벽한영화였다 ,10
리플리,"거짓말과 속임수에 능숙한 소시오페스 리플리, 초반 1시간 까지 리플리는 딕키의 아버지의 말로 딕키를 찾고 대리러 오라며 임무를 준다. 하지만 리플리는 딕키와 친해지게 되고 무난하게 흘러가지만,  갑자기 헤어지자는 딕키를 죽이면서부터 범죄 스릴러가 시작된다. 리플리는 딕키와 생활하면서 호화로운 삶에 익숙해졌고 그는 딕키로 위장하며 여전히 호화로운 삶을 이어나간다. 리플리는 딕키라는 사람으로 변하면서 살인 사건을 잘 피해갔지만 마지막에 그를 딕키로 알고있는 메르디스와 만나면서 결국 그의 동행자 피터를 죽이게 된다.예측할 수 없는 스릴러 영화/ 신선한 스토리 ",9
모가디슈,너무 잼있게 봤어요 최고에요 ,10
더 수어사이드 스쿼드,속이 다 미식거리는 알록달록 ,3
변신,킬링타임으로도 아쉽다 ,4
모가디슈,존잼!!한남들 보지도않고테러 하나 보네? ㅎㅎ하긴보러갈 돈이없지~여친이없지~ ,10
모가디슈,한쪽은 내전 한쪽은 휴전 ,10
모가디슈,"재미 있었고, 마지막 엔딩씬 에서는  슬펐습니다. ",10
새콤달콤,재밌다 신선하다 ㅋㅋㅋ ,8
모가디슈,일부러 눈물짜내려는 부분도 없고 딱 영화에 필요한 부분들로도 감정이 전달되었어요영화다보고 나오면서 남는 여운이 대박..연기와 연출 모두 만족했어요 ,10
모가디슈,왜 하필 지금일까 왜 하필 문대통령이 남북 화해 분위기를 조성하려는 지금? 나의 생각이 오해라면 먼저 미안하다는 말을 하고싶다. 하지만 영화개봉의 타이밍에 대해서 그리고 영화의 메세지의 대해서 고민하지 않을 수 없었다. 영화 그 자체의 스토리는 굉장히 흥미로웠고 좋았다. 하지만 제발 부탁한다. 이 이야기는 자신들 앞에 닥친 위험을 벗어나기 위한 개인들의 협력에 관한 이야기다. 현재 김정은과의 화친은 불가능하다. 오히려 김정은과 친해지지 말아야 우리가 진정으로 올바른 길로 가고 있다고 말 할 수 있는 것이다. 그것이 북한의 인민들을 살리는 길이다. ,2
보스 베이비 2,애기들도 너무 귀엽고..감동과 재미는 물론 중간중간에 나오는 웃음포인트까지 완전 최고!! ,10
모가디슈,류승완 감독이 이번에 또 큰작품 하셨네요~단단한 연기력 김윤석 조인성 허준호김소진 김재화 명품연기 대박 나세용모가디슈~화이팅^^ ,10
랑종,"생각없이 보기에 좋았음. 개봉 전에 워낙 무섭다는 소문이 많아서 공포를 좋아하는 입장에서많이 기대하고 봤지만, 공포면에서나 전개부분에 있어서 다소 많이 아쉬운 부분이 많았음. ",7
더 수어사이드 스쿼드,디씨도 할수 있다를 드디어 보여준!!가오갤 스러운 병맛 액션! ,9
더 수어사이드 스쿼드,"진짜 보면서 몇 번이나 로버트 로드리게즈와 쿠엔틴 타란티노 콤비를 생각했는지 ㅋㅋㅋ 두 감독의 십덕으로서 너무 재미있게 잘 봄 ㅋㅋㅋ 황혼에서 새벽까지, 플래닛 테러, 마셰티 같은 명품 B급 영화들이 생각나는 꿀잼영화 였음 ",10
모가디슈,너무 재밌는 걸??? 예고편을 못 만들었음 ㅜㅜ 진짜 개꿀잼 ,10
모가디슈,최근에 나온 영화 중에 가장 볼만 하고 재미있었어요!! 무엇보다 실화 바탕이라니… 박진감 넘치고 연출도 훌륭했습니다! 다만 남북 특유의 감동 스토리를 오글거려하시는 분들은 싫어하실수도…저는 재미있었어요!! ,10
분노의 질주: 더 얼티메이트,"세월이참...,.멤버들 늙어가는게  보이니  슬프네요ㅠ ",7
블랙 위도우,솔로무비 기다린 보람이 있네요ㅠㅠㅠ ,10
모가디슈,기대 하나도 안하고 봤는데 너무 재밌었어요!!! 감동과 재미 둘 다 잡은 영화 같아요 누구나 재밌게 볼 수 있을 것 같습니다 ,10
블러드샷,109분 동안 집중하면서 재밌게 볼 수 있었고 그 109분의 시간이 아깝지 않은 영화. ,10
모가디슈,오랫만에 좋은 영화를 본 것 같아여. ,10
모가디슈,총쏘다 끝남.조인성 때문에 봤음.끝이 더 감동적이었음 좋을듯허무하게 끝남 ,6
모가디슈,생각보다 괜찮은 무게감있는 영화였음 ,10
13일의 금요일,배경이 대충 21세기면 살인방법도 좀 참신했으면 좋았으련만 뻔한 살인마의 클리셰는 다 보여주는 이걸 왜 굳이 리메이크했는진 모르겠음 ,6
스틸 플라워,독립영화에 관심이 필요한 이유. ,10
모가디슈,재밌어요 볼만합니다. 연기자들 보니 기대됐는데 역시 몸값하네요. 추천합니다 ,10
케빈에 대하여,미화시킬 필요없이 사이코패쓰 이야기인듯.. 심히 해석할 필요도없이 그냥 그렇게 태어난거지.. 우는거 안안아줬다고 다 저렇게 크면 옛날 밭일하고 바닷일하던 분들 자식들은 다 미쳤을듯~ 그렇게 사랑해줬던 아빠까지 죽인 사이코패쓰를 변명해줄 필요도없을 것 같음그냥 사이코패스 낳고 고생하는 엄마 이야기인듯 ,8
모가디슈,"억지스럽지 않은, 담백한데 빡센... 고품격 방화 ",10
모가디슈,배우들 연기는 좋습니다. 스토리는 음 별거 없습니다. 높은 점수는 못주겠어요. 스토리에 좀 더 신경을 썻으면 재밌었을거 같아요. 배우들 연기는 좋은데 아쉽습니다. ,6
모가디슈,별로에요 그냥 안보는걸 추천합니다막판 30분정도 말곤 딱히 지루해요 빌드업이 ,1
브릭,가끔 생각나는 영화.. ,10
블랙 위도우,다들 연기를 잘해주셔서 매우 재미있게 잘 봤습니다. 근데 마지막 스토리가 조금 어설프네요. ,10
더 수어사이드 스쿼드,적당히 알바 써라... 전작에 비해 폭망 ,6
더 수어사이드 스쿼드,적당히 알바 써라... 전작에 비해 폭망 ,6
모가디슈,신경 안쓰려해도 어떤 스윗한 배우의 발언때문에 신경쓰여서 1점 ,1
모가디슈,"주,조연배우들의 연기로 ",10
블랙 위도우,너무너무 잼밌어요!! 쿠키하나있습니당 ,10
모가디슈,큰 기대 없이 봤었는데 자동차 액션신이 재밌었네요 ,7
세븐,영화의 제작시점을 염두하더라도 명작반열에 오를 스릴러영화.젊을적 명배우들 연기를 보는것으로도 본전뽑는다.스릴러는 덤 ,8
첨밀밀,37살에 처음으로 이 영화를 봤네요.다른 시점들로 영화를 끝냈어도 각기 여운이 짙을 만큼 재밌게봤네요. 이 결말도 좋구요.서툴고 촌스러웠지만 인생에 한번 뿐인 젊고 찬란한 그 시절들이 생각나서 슬프면서도 즐거웠습니다. ,9
더 수어사이드 스쿼드,평점 조절합니다.깨알같은 웃음을 주려 노력 했지만 유치하고 지루한 영화로 기억하렵니다. ,1
더 수어사이드 스쿼드,어느 한놈도 도라희가 아닌이가 없다.간만에 잘뽑힌 디씨 ,7
모가디슈,류승완 감독님 영화 좋아하는데 역시나 류승완 감독님! 최고에요~! 재미있게 잘봤습니다 ,10
정글 크루즈,가슴을 설레게 하는 모험 영화 영상미 멋져 ,8
극장판 도라에몽: 진구의 신공룡,"일단 진구랑 친구들이 공룡 체험관에 갑니다 거기서 진구는 또 공룡이 아직까지 있다는 헛소리를 하고 비실이와 퉁퉁이와 내기를 합니다 눈알로 땅콩 먹기를 요 그리고 진구는 쿵쾅거리면서 집가에는데 달걀 큰게 있어서 그걸 주워서 도라에몽에게 타임보자기를 빌려서 시간을 돌립니다 그 후 공룡 2마리가 나오는데 큐랑 뮤라고 진짜 너무 귀여워요 큐는 초록색 공룡이고 뮤는 핑크 공룡입니다! 뮤는 활발하고 잘먹고 습득력(?) 이 높다고 해야하나 특출나지만 큐는 진구같습니다 날개가 있지만 날지도 못하고 밥도 잘 못먹습니다 그런 큐를 위해 공룡 박사님께 조언도 있고 잘 행겨줍니다 이런 부분에서 좀 저는 뭉클했어요 큐가 날기 위해서 날기 위한 방법을 누구보다 열정적으로 가르쳐주었습니다 엄마가 방에 무엇가 있나 싶어서 도라에몽의 도구인 크레파스( 빨간색과 흰색의 원를 그리면 둘이 위치가 바뀜) 그래서 지붕이랑 방을 했는데 지붕에 규랑 뮤를보고 사람들은 놀라죠 점점 크는 큐와 뮤가 살던 시대로 보내야한다는걸 처음에는 반대 했지만 결심하고 진구와 친구들은 그 시대로 갑니다!큐와 뮤의 동족을 열심히 찾으러가지만 낭더러지에서 발자국이 멈춥니다 어떤 흰 원숭이가 진구와 친구들을 감시합니다 퉁퉁 비실은 또 흰원숭이를 따라갑니다 흰원숭이는 알고보니 공룡박사였습니다 그곳에는 공룡 박제(?) 그런게 있었고 악당같았죠.. 진구와 친구들은 큐,뮤 동족을 찾았지만 운석이 떨어지기 시작하고 진구는 역사를 바꿀라고 합니다 거기서 시간 경찰들이 진구를 막습니다 하지만 그 박사도 알고보니 경찰 진구가 역사를 바꿀지 알수있는 도구를 사용했지만 아니여서 나두기로 합니다 진구는 공룡들을 지키기 위해서 어째저째 (여기는 재미를 위해 노코멘트) 어쨌든 해피 엔딩으로 끝났는데 마지막 그 박사멘트 듣고 진짜 눈물 흘렸어요 영화중간에 피스케가 진구를 구해주는것도 오지고 진짜 여태 코로나 터진 후 영화중 짱입니다 마지막 노래 끝나고 공룡이 곤충이 되는 그런 장면도 의미있고 감동적이였어요 마음이 뭉클에지고 따뜻해지는 영화입니다 ",10
어벤져스: 엔드게임,어벤저스 인피니티 사가의 끝 스티븐 로저스와 토니스타크를 멋지게 보내줌 ,10
그린 나이트,음악도 웅장하고 배경도 뭔가 몽환적이라 좋았습니다ㅎㅎ ,10
고령화 가족,가지 많은 나무에 바람 잘 날 없다 했다. 세상 모든 가족들은 저마다의 사연 속에 하루를 살아간다. ,10
블랙 위도우,태스크마스터 생각보다 활약이...그래도 블랙위도우에게 바치는 영화로는 좋았음 ,9
핵소 고지,"구하는 것은 죽이는 것보다 훨씬 어렵다. 물론 사람을 죽이는 것은 보통 어려운 일이 아니지만,전쟁터에서 아군이 아닌 적군마저 같은 사람이라는 이유로 목숨을 구한다. 날 죽일 수도 있을 적군마저 그에게는 그저 다친 사람으로만 보였을까? 마지막 힘을 짜내서 자신에게 총구를 겨눌 거라는 생각은 하지도 않았을까? ",10
더 수어사이드 스쿼드,오.. 잘 뽑음. 감독이 재능이 있음. ,10
아수라,형보찢 일대기. ,1
자토이치,"소네티네와 하나비를 보고, 이 작품을 보니, 너무나 수준이 떨어진다.기타노 감독은 왜 이렇게 만들어야만 했을까? ",4
더 수어사이드 스쿼드,잔인한거 싫어하시면 비추입니다... 전 너무 싫어해서....내용은 다른 리뷰들 참조하시면.... ,2
그린 나이트,최악..영화보다가  감독  욕하기도 처음 ,2
모가디슈,이국적인 배경이 신선했다 조인성이 오랜만에 잘 어울리는 역할을 맡은 느낌이었다 ,8
정글 크루즈,영상미와 스토리 박진감넘치는 액션까지 꼭 봐야할 영화 추천 ,10
더 수어사이드 스쿼드,확실히 b급영화의 느낌  데드풀 영화와 비슷한 느낌이며 데드풀을 재밌게봤다면 볼만할수도  개인적으로 나에겐 시간이 아까웠다  영화 좋았던 점은 중간중간 나온 개그는 유쾌했고ㅋ 액션촬영 기법이 신선한 것들이 있었던점  그저  아무생각없이 잔인하고 유쾌한 영화 킬링타임으로 보길원하는 사람들에게추천 ,2
모가디슈,정말오랜만에 웰메이드 영화! 박진감 긴장감 ㅡ ,10
모가디슈,정말 오랫만에 영화관에가서  돈 내고 봐도 아깝지 않은 한국영화다  코로나 때문에 객석에  사람이 많지 않을거라 생각햇는데 거리두기 제외하고 꽉 채웟다 다들 같은 생각들인것 같다 실화 라고 하니  더 뭉클 햇다 ,10
모가디슈,진짜 너무 재밌어요 별 기대 안하고 봤는데 남북 사람들이 같이 지내는것도 감동이고 완전 흥미진진쓰... ,10
모가디슈,생각보다 영상미도 뛰어나고 연기들도 장난아니게 좋음ㅋㅋ ,9
더 수어사이드 스쿼드,보다가 중간에 잤어요 B급 감성은 좋은데 엄청 산만하고 필요이상으로 잔인함..ㅠㅠㅜ쥐 공포증 있거나 고어한 거 못 보는 분들은 절대 보면 안 돼요. ,2
모가디슈,좌빨영화 류승완도 별거없네 ,4
극장판 도라에몽: 진구의 신공룡,저 도라에몽 좋아해서 전에 극장판 다 봤는대요 좀 기대하고 봤는데 노잼이네요 딱 초딩영화 끗. ,2
모가디슈,재미없음.추천안함. ,1
모가디슈,오랜만에 재밌는 영화를 봤습니다 ,10
먼 훗날 우리,샤오샤오도 같이 잘 됐으면 ㅠ ,10
그린 나이트,독특하고 신선했던 영화로 보면 볼수록 빠져 들었다 ,10
모가디슈,정만식 때문에 보고싶지않습니다. 페미들 농간도 모르는 남혐 동조자 정만식 안사요 ,1
모가디슈,잔잔한 영화지만 힘이 있는 영화인 것 같습니다..이런 위주의 영화를 많이 봤지만 지루하지 않는 영화였습니다. 무엇보다 구교환배우가 역시 신스틸러에 반했습니다. ,10
그린 나이트,a24 영화다웠던ㅎㅎㅎ ,10
모가디슈,기대보단 별루였어요평점8점이라고 생각하고 보시면될듯 ,8
담쟁이,시간을 돌리고 싶다~~ ,1
모가디슈,정만식 배우님계셔서 그냥 거릅니다. ,2
0.0MHz,신부님이 나와야 할 것만 같은데 ,4
모가디슈,최근에 본 한국영화중에 제일 재밌음. 같이 본 사람은 옆에서 울기도 함. ,10
꽃다발 같은 사랑을 했다,여운이 많이 남는 영화배우분들의 연기도 인상적이었습니다 ,10
담쟁이,정말그지같은 영화가지고 이게 어떻게가족영화냐동성연애영화지 정말짜증지대로네 돈아까워 죽겠네 진짜 ,2
원스 어폰 어 타임... 인 할리우드," 평생을 미국 문화 속에 살아온 내 세대만 해도 이해 못할 건 하나도 없다고 생각한다. 한 컷도 대충 만드는 법이 없는 타란티노의 연출도 여느때와 같고, 아무 것도 아닌 곳에서 끌어내는 긴장과, 카타르시스는 그냥 모든 면에서 즐거웠다. 앞으로 딱 한 작품만 연출하겠다는 게 너무 아쉽지만, 그를 좋아하는 관객, 그리고 출연하는 모든 배우들에게 있어 그는 선물 같은 사람이다. 이 이상 재밌는 영화를 만드는 감독은 아마 아주 오래 안나올 것이라 생각되어 슬프다.. ",10
더 수어사이드 스쿼드,지구는 슈퍼맨이 평화는 쥐가 구한다.이렇게 재미없을수가...졸리기까지... 시간 가는줄 알고 봤다. ,1
로건,진작에 이렇게 만들었어야 하는거 아닌가.. ,10
굿 다이노,딸이 아침에 일어나 보더니 대성통곡을 하고 보는데 너무 귀여웠네요 ,10
분노의 질주: 더 얼티메이트,"너무 많은 주연배우들과 너무 과한 농담, 어디 갈데까지 가보자 하는 액션이 모두 들어있다. 과하고 차고 넘친다. ",6
화양연화,과대평가된 쓰레기영화. ,3
아일라,눈물이 앞을가려 똑바로  볼수가 없을 정도로감동 영화 입니다 ,10
정글 크루즈,"요약하면, 캐래비안의 정글 : 인디애나 존스의 미이라해적 여행.매우 무의미하고 작위적인 설정들이 난무하니 아이큐만 100이 넘어도 어이가 없고 졸음이 몰려오는 영화CG랑 영상미때문에 2점 준다. ",2
원더 우먼,총알은 쇠고 방패는 자석임...그래서 방패들고 서있으면 다리 쏠 생각은 안하고 방패만 조지는거....아무튼 그런거임 ,10
모가디슈,잼나네요. 간만에~♡ ,10
라라랜드,평범해 보이는 것들이 영화의 마법을 만나면 가장 특별한 것이 된다. ,10
배틀로얄,"신파극이 들어가고 눈물이나와야 명작으로 인정하며, 원초적인 재미는 못배운것으로 여기는 한국인들에게는 인정하기 버거운영화 ",9
더 수어사이드 스쿼드,"역시 .,, 할리퀸이 다했다 스토리 영상미모두 굿굿 ",10
악마는 프라다를 입는다,앤 해서웨이 이쁘고 메릴 스트립의 연기도 좋다. 그래서 각각 1점씩 2점 준다. 평점이 낮은 이유는 개인적으로 술 먹고 취해서 아무하고나 자는 여자를 안좋아하기 때문이다. 그만큼 극중 앤디의 캐릭터에 몰입했기 때문이랄까 ,2
모가디슈,볼만했어요 ,8
옥자,짝짓기가 아니라 성폭행 ,1
히트맨,진심 다들 댓글알반가 평점보고 놀람..너무 억지로 웃음을 끌어내려는 게 뻔해서 오히려 재미없었음 진지할땐 진지하고 웃길땐 웃겼으면 좋았겠지만 그런거 상관없이 무작정 웃음포인트를 억지로 짜내느라 몰입이 깨짐..뇌빼고 보려면 추천 ,1
제8일의 밤,난잡함이란 이런것... ,4
더 수어사이드 스쿼드,와 이게 별이 8이 넘는다고 각자 취향이니 어쩔 수 없지만내 돈 시간이 너무 아까웠다내용의 개연성이 너무 없다. 그냥 스토리는 없다고 보면 되고 웃기려는 대사와 감동주는 대사에서 전혀 감정이입이 안된다. 영상미만 화려하지만 돈내고 볼 영화는 아니다. 분명히 경고했다 ,2
매트릭스,매트릭스 - 존 윅 - 매트릭스 어렸을 때 매트릭스 보고 커서 존 윅 본 뒤 다시 매트릭스 보면 진정한 트리니티 ,10
버드 박스,재밌게 잘 봤습니다 감사합니다 ,8
모가디슈,류승완감독과 김윤석믿고 보러갔다가 조인성의 연기에 치입니다 스토리 연출 모두 천재류승완.. 한국영화에 간만에 재밌는 작품! ,10
모가디슈,장난하나? 내용도 없고~~ ,2
내겐 너무 소중한 너,와 아무생각없이 보았는데 눈물 줄줄 아이연기를 어쩜 그리 잘하는지  대단 !! ,10
모가디슈,기대하지 않고 봤는데 생각보다 잼났네요반군들과 싸우는 장면을 생생하게 잘 표현한것 같아보는 맛이 있었네요.여기자들의 연기들도 좋았습니다.실화라니 감동도 있었네요. ,9
모가디슈,농담아니라 진짜 별로.. ,1
모가디슈,신파없고 지루함없이 잘표현해냄.억지없음 ,10
디바,감독이 편집 다시 배워야 할듯 뭐가 실제고 환각인지 모르게 하면 어쩌자는거임? 남자코치와 매니지먼트 사장은 죽은거야 산거야?ㅡㅅㅡ^ ,2
모가디슈,진짜 아무생각없이  남는시간에 남는  영화가 그시간밖에없어서 봤는데 오  몇년만에  진짜 괜찮은 영화  와우ㅋ진짜 후기 안쓰지만  남겨요 추천영화ㅋ ,10
더 수어사이드 스쿼드,시끄럽다22221292222 ,1
빽 투 더 퓨쳐,"우연히 채널돌리다가 1,2,편 다고고 3편 지긍 시작너무 재밌고 진짜 지금봐도 탄탄한 이야기 ",10
모가디슈,코로나 시국에 개봉만 안했어도 1천만 관객 충분했을듯 ,10
모가디슈,또 빨갱이영화라고 하면 좀 글치? 이시국에 또또..북한 남한이 나뉜이유가 다른나라때문이라는 메세지를 전하려고 했던건가? 우리의 주적은 북한이고 최근 간첩활동했던 종북세력이 잡혀들어갔는데 거기에 대한 반문 영화인가? 무튼 빨갱이영화니 좌파들만 보시길.. 선동영화 지겹다 ,1
모가디슈,아..너무재미있는데요ㅠ ,10
모가디슈,코로나만 아니였으면 진짜 대박났을듯.. ,10
모가디슈,오랜만에 영화같은 영화를 봄. ,8
모가디슈,예고편도 안봤고 기대없이 관람했는데 배우님들 연기력이.. 장난 아니였고 실화라는거에 더 놀라웠음 ㅜㅜ 정만식배우님 연기 대박이에요 화이팅! ,10
모가디슈,캬~~기대없이 봤는데 잼나게 봤어요~연기 스토리 다 훌륭합니다 ㅎ ,10
하이큐!! 끝과 시작,카게야마 토비오 카게야마토비오 카게야마토비오 카게야마토비오 카게야마토비오 카게야마토비오 카게야마토비오 카게야마토비오 카게야마토비오 카게야마토비오 카게야마 ,10
모가디슈,억지감동 노잼액션 보지마세요 ,2
모가디슈,친구랑 둘이봤는데  시간 가는줄 몰랐어여 ,10
피닉스,마지막이 너무 인상깊었습니다. ,10
그린 마일,세시간동안  울었슴 감동과 슬픔때메 ,10
모가디슈,생존이 체재보다 우선이다 ,10
모가디슈,내용 하나도 모르고봤는데 완전 심장 쫄깃합니다! 완전 강추해요!!! ,10
블랙 호크 다운,모가디슈 보고 보고싶어서 봄. 20년 전인데 미친 연출력. 집요함이 느껴질 정도. 톰 하디 올랜도블룸 등 이제는 유명해진 배우들의 풋풋한 조연 모습도 재밌다. 미국 영웅 감성은 지금도 이해하기 어렵다. 그게 미국의 멋이지만 그래도 산 사람은 살아야 하지 않을까. ㅋ ,9
더 수어사이드 스쿼드,"쥐들의 반란, 계속되리라.. ",10
이터널 선샤인,추억의 낙태를 경험하는 기분이 들었다 ,10
유전,"의식, 기이한 영화 하면 아리에스터 감독 ",8
모가디슈,기대 안하고 봤는데 꿀잼!! ,10
모가디슈,이 영화 진짜 미쳤음 겁나 생생함 ,10
기생충,치부를 들어내는 약자에 대한 배려가 없는 ,6
암살,"몇번을 봐도 흥미롭고 새로운영화. 시대적배경을 알고보면 더 뭉클하고 북받치는영화. 연기,스토리,연출 삼박자 부족함없이 모두 완벽하게 갖췄고 실제이야기와 픽션이 흥미진진하게 가미되었는데 보는내내 지루할 틈이 없네요. 한국역사를 주제로 다룬 영화중에 단연최고라 말할수 있다. 국가를 위해 희생하신 독립운동가분들이 있었기에 지금 우리가 맘껏 누리며 지낼수있다는걸 잊지않겠습니다. 마지막 명대사는 잊을수가 없네요‘16년전 임무, 염석진이 밀정이라면 죽여라. 지금 수행합니다’ 아쉽게 끝날수 있는이야기를 한문장으로 완벽하게 장식함.. ",10
그린 나이트,간만에 푹잤어요제가 아는 아더왕 스토리가 아니네요난해해요.. ,1
극장판 도라에몽: 진구의 신공룡,저는 역대도라에몽 중 인생작이요!!! ,10
모가디슈,재미있었어요~~~ 중반 이후 몰입감 높았어요~ ,10
랑종,재밋었어요~~~~바얀마낭러ㅔ내ㅑㅎㄴ아러 솰라솰라 ,10
마지막 게임,"의미가 있다면 의미있는, 재밌다면 재미있는. 그러나 난... ",6
배트맨 대 슈퍼맨: 저스티스의 시작,저스티스리그뿐만 아니라 수어사이드스쿼드로 빌런들 파워업 시켜놓고 후에 배트맨과 콜라보해서 빌런입장에서 본 범죄자에대해선 피도 눈물도없이 악마같이 강한 배트맨 영화도 나오면좋겠네요. ,8
모가디슈,중간 중간 지루할때도 있지만 끝까지 재밌음. 구교환이 빛난다. ,8
노팅 힐,왜 명작이라고 하는지 알겠어요 she 음악 좋네요 ,10
발신제한,에혀 너무 뻔해서 돌려봤어여...좋아하는 배우의 첫 주연 영화라 봄요 ,2
더 수어사이드 스쿼드,"잔인하고 난장판 영화. 이런 영화를 좋아하는 매니아도 있겠지만, 난 글쎄... ",8
우먼 인 할리우드,50/50을 향한 보여주지 않았던 이야기. 막막함을 던지고 용기를 주는 영화 ,10
빽 투 더 퓨쳐,저런 상상을 할 수 있었다니ㅎㅎ 상상력은 점점 현실이 되네요ㅎㅎ ,10
더 수어사이드 스쿼드,어렸을때 우뢰매가 생각난 영화 ,2
정글 크루즈,드웨인 존슨 때문에 설레요 너무 .. 유치는 한데 보는 내내 웃고 모험한 기분이였어요 ,10
모가디슈,"사운드와 연기, 연출력 모두 매력적인 영화 ",10
그린 나이트,지나친 함의로 제작비를 날린 b급 망작 ,4
모가디슈,왜 1점을 줬을까~ ,1
마인드스케이프,때로는 알면서도 속게 되는 일들이 있다. ,7
